Songid,Genre,Song,Artist,SPB,SPN,SPH,SPA,DPN,DPH,DPA,Style,In26
1,DANCE POP,Dr. Love,baby weapon feat.Asuka.M,-,2,3,3,3,4,-,1,1
2,BIG BEAT,GAMBOL,SLAKE,-,1,1,-,1,1,-,1,1
3,DIGI-ROCK,GRADIUSIC CYBER,TAKA,-,5,6,7,4,9,9,1,1
4,RAVE,R3,tiger YAMATO,-,4,5,6,4,6,8,1,1
5,TECHNO,22 DUNK,SLAKE,-,3,4,5,5,5,5,1,1
6,PIANO AMBIENT,5.1.1.,dj nagureo,-,1,6,10,1,7,10,1,1
7,MINIMAL,Digital MinD(A/T Libra mix),TaQ,-,3,5,6,4,8,-,2,1
8,BIG BEAT,Electro Tuned(the SubS mix),TaQ,-,4,5,6,6,9,-,2,1
9,ITALO HOUSE,I Was The One,good-cool,-,2,3,3,1,2,-,2,1
10,GOA TRANCE,Indigo Vision(full flavour hide around mix),TaQ,-,3,5,8,5,8,-,2,1
11,JAZZ FUNK,PUT YOUR FAITH IN ME(for beatmania II),dj TAKA feat. UZI-LAY,-,3,6,-,4,7,-,2,1
12,JUNGLE,SP-TRIP MACHINE(for beatmania II),dj TAKA feat. DE-SIRE,-,3,4,4,3,5,-,2,1
13,CHILL OUT,0.59,dj TAKA,-,4,6,7,4,6,7,2,1
14,HYPER EUROBEAT,CAN'T STOP FALLIN'IN LOVE,NAOKI,-,3,8,-,4,7,-,3,1
15,HAPPY HANDBAG,Don't Stop!,dj TAKA feat. JP Miles,-,4,4,4,4,4,-,3,1
16,DRUM'N'BASS,era(nostalmix),TaQ,-,5,8,9,5,12,12,3,1
17,HARD TECHNO,Holic,TaQ,-,5,7,11,7,10,12,3,1
18,DIGI ROCK,LEADING CYBER,dj TAKA,-,4,6,7,4,6,6,3,1
19,PIANO AMBIENT,Presto,Osamu Kubota,-,3,8,8,3,8,-,3,1
20,RAVE,R5,tiger YAMATO with ultrabeatbox,-,5,8,11,5,8,11,3,1
21,TRANCE,REINCARNATION,dj TAKA,-,4,5,7,4,5,7,3,1
22,BIG BEAT,Schlagwerk,TaQ,-,4,6,8,4,11,11,3,1
23,EPIC HOUSE,Skyscraper,good-cool,-,4,6,7,4,7,-,3,1
24,AMBIENT,Tangerine Stream,dj TAKA,-,1,2,-,1,2,-,3,1
25,WORLD HOUSE,THE SAFARI,LION MUSASHI,-,7,10,-,8,10,-,3,1
26,EPIC TRANCE,ABSOLUTE,dj TAKA,-,6,8,10,6,8,11,4,1
27,SPEED RAVE,B4U,NAOKI,-,5,9,10,6,8,-,4,1
28,HYPER EURO BEAT,Broken My Heart,NAOKI feat. PAULA TERRY,-,5,7,9,4,7,10,4,1
29,EURO GROOVE,Burnin' The Floor,NAOKI,-,3,4,7,4,4,8,4,1
30,HIP HOP,CHECKING YOU OUT,good-cool feat. JP Miles,-,7,9,11,7,11,11,4,1
31,DUTCH TRANCE,Clione,kors k,-,4,5,9,3,4,9,4,1
32,TECHNO,DXY!,TaQ,-,6,9,10,6,12,12,4,1
33,DRUM'N'BASS,empathy,TaQ,-,5,7,8,4,11,-,4,1
34,DRUM'N'BASS,era(step mix),TaQ,-,5,8,9,4,8,12,4,1
35,AMBIENT,FLOWERS for ALBION,dj TAKA,-,2,5,-,5,7,-,4,1
36,DANCE POP,HIGHER,NM feat. Sunny,-,3,4,6,4,6,7,4,1
37,WARP HOUSE,Hitch Hiker2,good-cool,-,4,6,7,5,9,-,4,1
38,WARP HOUSE,Jam & Marmalade,FinalOffset,-,6,7,8,4,6,-,4,1
39,TECHNO,KAMIKAZE,dj nagureo,-,5,6,10,5,7,10,4,1
40,TRANCE,LOVE WILL…,riewo,-,4,4,7,4,6,8,4,1
41,MINIMAL,minimalian,DETROIAN,-,3,8,9,3,9,12,4,1
42,DANCE POP,Mr.T.(take me higher),Risky Men feat. Asuka.M,-,3,4,10,4,5,10,4,1
43,HAPPY HARDCORE,starmine,Ryu☆,-,5,8,9,5,8,12,4,1
44,LOUNGE HOUSE,SWEET LAB,DJ SIMON,-,3,6,10,6,10,12,4,1
45,PARAPARA,ULTRA HIGH-HEELS,dj TAKA feat.ANGEL,-,4,5,5,4,5,-,4,1
46,BIG BEAT,Voltage(feat. Hidemaru),TaQ,-,5,7,8,5,11,-,4,1
47,GABBA,250bpm,AKIRA YAMAOKA,-,5,8,10,4,7,7,4,1
48,PROGRESSIVE,V,TAKA,2,5,10,12,6,10,11,5,1
49,INTELLIGENCE,Abyss,dj TAKA,-,5,7,8,7,8,9,5,1
50,TRANCE,in my eyes,ric,-,5,6,7,5,8,10,5,1
51,HYPER EURO BEAT,LOVE AGAIN TONIGHT～for Mellisa mix～,NAOKI feat. PAULA TERRY,-,4,5,6,4,5,-,5,1
52,TECHNO,outer wall,sampling masters MEGA,-,5,6,8,5,7,10,5,1
53,TECHNO,QQQ,TaQ,-,5,8,10,10,12,-,5,1
54,BIG BEAT,Radical Faith,TaQ,-,5,6,7,6,11,10,5,1
55,DRUM'N'BASS,Real,Aya,-,5,8,9,7,9,11,5,1
56,INSTRUMENTAL,Regulus,DJ. W,-,6,9,10,6,10,11,5,1
57,POWER FUSION,RIDE ON THE LIGHT(HI GREAT MIX),Mr. T,-,4,5,8,5,8,9,5,1
58,NEW ROMANTIC,RISLIM,ric,-,4,7,-,4,6,-,5,1
59,HOUSE,Spin the disc,good-cool,-,5,7,8,7,10,-,5,1
60,HYPER EURO BEAT,STILL IN MY HEART,NAOKI,-,5,7,8,7,10,-,5,1
61,AMBIENT,still my words,TaQ feat. Meg,-,5,7,9,4,6,11,5,1
62,TRANCE,sync,OutPhase(TaQ/dj TAKA,-,4,6,-,5,7,-,5,1
63,DRUM'N'BASS,THE CUBE,DJ SUWAMI,-,6,8,10,7,9,11,5,1
64,EPIC TRANCE,THE SHINING POLARIS,L.E.D. feat. Sana,-,5,7,8,6,8,-,5,1
65,BALLAD,BALLAD FOR YOU～想いの雨～,NM feat. Thomas Howard,-,3,5,7,5,8,-,6,1
66,HOUSE,Blueberry Stream,dj TAKA,-,5,7,8,7,9,10,6,1
67,ROCK,Buffalo,good-cool feat. Hideo Suwa,-,5,7,10,4,8,10,6,1
68,TRANCE,Colors(radio edit),dj TAKA,-,6,9,12,6,10,12,6,1
69,HYPER TRANCE EURO BEAT,DIVE～INTO YOUR HEART～,NAOKI feat. PAULA TERRY,-,5,8,10,5,8,10,6,1
70,TRANCE,fly through the night,Mr. T,-,4,7,8,4,8,10,6,1
71,DANCE POP,Free Style,Shapes,-,5,6,7,6,6,-,6,1
72,TRANCE,Frozen Ray(original mix),dj TAKA,-,6,9,9,5,9,9,6,1
73,DRUM 'N' BASS,G2,Aya,-,8,9,11,6,7,12,6,1
74,LOUNGE POP,Linus,LEGO STUDIO,-,5,9,11,5,9,11,6,1
75,TECHNO,NEMESIS,D.J. SETUP,-,5,9,11,7,10,12,6,1
76,ROTTERDAM TECHNO,rottel-da-sun,sampling masters MEGA,-,5,8,10,5,8,-,6,1
77,NOISY,route 80s,sampling masters MEGA,-,6,8,9,7,11,12,6,1
78,EPIC TRANCE,SOMETHING WONDERFUL,L.E.D.,-,6,8,10,4,8,11,6,1
79,TRIP HOP,Summer Vacation(CU mix),OutPhase,-,6,9,-,9,12,-,6,1
80,INSTRUMENTAL,Take It Easy,Aya,-,7,10,11,6,11,-,6,1
81,HOUSE,"19,November",good-cool,-,5,6,8,5,7,10,6,1
82,SOUL,こっちを向いてよ,vivi,-,5,6,7,6,9,11,6,1
83,NU-NRG,電人イェーガーのテーマ(Theme of DENJIN J),L.E.D.,-,5,7,-,8,10,-,6,1
84,RENAISSANCE,A,D.J.Amuro,-,6,10,12,8,11,12,7,1
85,ALTERNATIVE HOUSE,AVE DE RAPINA,Shawn The Horny Master,-,6,8,9,8,10,-,7,1
86,FILTER HOUSE,Bad Routine,D.J. Spugna,-,5,7,9,6,7,9,7,1
87,12 BEAT,Burning Heat!(Full Option Mix),Mr.T with Motoaki.F,-,3,5,7,4,5,9,7,1
88,BIG BEAT,Cheer Train,Fuzita Blender,-,5,6,9,4,6,12,7,1
89,HYPER EURO BEAT,D2R,NAOKI,-,5,6,8,5,6,-,7,1
90,HYPER EUROBEAT,DESTINY,NAOKI feat.Paula Terry,-,5,6,8,4,6,-,7,1
91,PROGRESSIVE JAZZ,foreplay,Osamu Kubota,-,4,8,8,5,9,11,7,1
92,HIP HOP&SOUL,Glorious Days,Noria,-,3,5,6,6,7,-,7,1
93,HOUSE,Happy Wedding,ASKA,-,6,7,8,6,8,10,7,1
94,EUROBEAT,Last Message,good-cool feat. Meg,-,5,8,9,6,10,11,7,1
95,AMBIENT POP,Let the Snow Paint Me,Sana,-,4,6,7,6,7,-,7,1
96,NEW WAVE,Love Me Do,AKIRA YAMAOKA,-,5,7,9,5,7,-,7,1
97,HARDCORE TECHNO,MAX 300,Ω,-,8,10,-,6,10,-,7,1
98,HOUSE,Spica,D.JW,-,4,9,11,3,9,12,7,1
99,TECHNO,stoic,TaQ,-,8,10,11,8,10,12,7,1
100,TRANCE,Tomorrow Perfume,dj TAKA,-,6,9,9,6,10,11,7,1
101,TRANCE,traces,TaQ,-,6,9,10,7,9,10,7,1
102,ELECTROSHOCK,ZERO-ONE,Mr.T,-,5,9,10,5,8,10,7,1
103,ORCHESTRAL,革命,dj TAKA with NAOKI,-,6,10,10,7,12,12,7,1
104,CUDDLECORE,murmur twins,yu_tokiwa.djw,3,5,9,11,5,10,12,8,1
105,BIG BEAT,abstract,TaQ,-,6,9,9,7,9,-,8,1
106,INSTRUMENTAL,airflow,Mr.T,-,3,5,7,3,6,7,8,1
107,DRUM'N'BASS,ALL RIGHT,RAM,-,4,8,9,7,8,10,8,1
108,TRANCE,Attitude,Y&Co.,-,5,8,9,5,7,9,8,1
109,テクノ歌謡,bit mania,AKIRA YAMAOKA,-,4,5,8,5,6,-,8,1
110,EUROBEAT,Blame,good-cool feat. Jeff Coote,-,6,7,11,6,7,10,8,1
111,EURO GROOVE,CELEBRATE NITE,N.M.R,-,5,6,8,5,7,8,8,1
112,EUROBEAT,Colors-Y&Co.Eurobeat Remix-,dj TAKA(remixed by 横田商会),-,5,9,10,6,10,10,8,1
113,GARAGE HOUSE,dual control,Mr.T,-,5,7,9,4,8,9,8,1
114,PSYCHEDELIC TECHNO,Giudecca,D.J.SETUP,-,4,9,11,5,10,11,8,1
115,GIRL ROCK,Halfway of promise,Yu Takami feat. Shihori Nakane,-,4,8,11,5,8,10,8,1
116,GOA TRANCE,HYPER BOUNDARY GATE,L.E.D. LIGHT,-,6,8,9,6,8,10,8,1
117,RAVE,LAB,RAM,-,5,9,10,5,10,11,8,1
118,HARD CHANSON,LOVE IS ORANGE,Orange Lounge,-,4,6,8,4,5,9,8,1
119,2 STEP,Luv 2 Feel Your Body,Shoichiro Hirata,-,4,6,9,6,9,10,8,1
120,BEATROCK,memories,TAKA,-,5,9,9,5,10,11,8,1
121,EURO BEAT,Monkey Dance,Y&Co.,-,4,7,9,5,6,9,8,1
122,TECHNO,MUSIC TO YOUR HEAD,SLAKE,-,4,7,9,8,8,9,8,1
123,DISCO,PLEASE DON'T GO,ASLETICS,-,5,7,12,4,9,10,8,1
124,TRANCE,rainbow flyer,dj TAKA,-,5,9,11,4,10,11,8,1
125,TRANCE,STAR DREAM,PINK PONG,-,5,7,9,7,8,-,8,1
126,TECHNO,symbolic,TaQ,-,6,9,10,8,10,-,8,1
127,HOUSE,thunder,LION MUSASHI,-,6,8,9,5,9,11,8,1
128,HIP HOP,WAR GAME,ASLETICS,-,4,8,10,4,7,10,8,1
129,POPS,World Wide Love,MTO,-,3,5,5,4,5,-,8,1
130,ELECTROSHOCK,xenon,Mr.T,-,5,9,11,5,8,11,8,1
131,J-TRANCE,蒼い衝動,NAOKI feat. YUKI,-,5,7,8,5,6,9,8,1
132,SPIRITUAL,桜,Reven-G,-,7,10,12,8,10,12,8,1
133,HIP HOP,SWEETEST SAVAGE,ASLETICS,-,4,7,11,6,7,11,9,1
134,TRANCECORE,Abyss-The Heavens Remix-,dj TAKA Remixed by Ryu☆,-,7,10,10,6,9,10,9,1
135,RAVE,ACT,RAM,-,6,9,9,6,9,10,9,1
136,NRG,BAD BOY BASS!!(dj Remo-con MIX),Y&Co.,-,5,7,8,4,7,-,9,1
137,SPIRITUAL,bag,Reven-G,-,5,6,10,6,9,10,9,1
138,ROCOCO TEK,BRIGHTNESS DARKNESS,SLAKE,-,3,8,9,3,8,10,9,1
139,HEALIN' HARDCORE,Cradle,positive MA feat. akino,-,5,8,10,6,10,-,9,1
140,MIXTURE,Distress,dj TAKA Remixed by TaQ,-,7,10,-,9,11,-,9,1
141,TRANCE,e-motion 2003-romantic extra-,e.o.s. Remixed by dj TAKA,-,6,8,10,8,10,-,9,1
142,TURKISH PIANO'N'BASS,Golden Horn,Osamu Kubota,-,3,8,9,3,8,11,9,1
143,EUROBEAT,HYPER EUROBEAT(2DX style),NAOKI feat.PAULA TERRY,-,5,8,10,6,8,-,9,1
144,EUROBEAT,I Was The One(80's EUROBEAT STYLE),good-cool Remixed by NAOKI,-,4,6,7,4,6,8,9,1
145,DRUM'N'BASS,Karma,TaQ,-,6,9,10,8,11,12,9,1
146,TRANCE,Let The Snow Paint Me-Y&Co. Remix-,Sana Remixed by Y&Co.,-,5,6,10,5,8,9,9,1
147,SOUL,lights,flare,-,3,6,8,7,9,10,9,1
148,J-HAPPY HARDCORE,LOVE♥SHINE,小坂りゆ,-,5,9,10,4,7,9,9,1
149,TECHNO,lower world,D.J.SETUP,-,6,9,10,7,10,12,9,1
150,GOSPEL,Make A Difference,Lala Moore with CoCoRo*Co,-,5,9,10,5,9,10,9,1
151,EUROBEAT,MARIA(I believe...),NAOKI feat.PAULA TERRY,-,4,8,9,4,8,9,9,1
152,POST ROCK,moon_child,少年ラジオ,-,5,10,12,4,11,12,9,1
153,HARDCORE RAVE,one or eight,sampling masters AYA,-,7,10,12,7,8,10,9,1
154,TRANCE,quasar,OutPhase,-,6,9,11,7,11,12,9,1
155,PSYCHEDELIC,Quickening,dj TAKA,-,5,9,10,5,7,10,9,1
156,R&B,Really Love,大部真由美,-,4,6,10,4,10,-,9,1
157,ELECTRO 2 STEP,RISLIM-Remix-,ric Remixed by Hisashi Nawata,-,4,6,11,6,9,12,9,1
158,GABBA,rottel-the-Mercury,sampling masters MEGA,-,6,9,10,6,9,11,9,1
159,HAPPY HANDBAG,Silvia Drive,dj TAKA feat.Noria,-,4,8,9,7,10,11,9,1
160,DRUM'N'BASS,SNOW,RAM,-,5,7,10,5,8,10,9,1
161,TRANCE,STAR FIELD,SADA,-,3,8,9,5,8,-,9,1
162,HAPPY HARDCORE,Sweet Sweet ♥ Magic,jun with TAHIRIH,-,5,8,10,5,9,11,9,1
163,HIP HOP,SWEETEST SAVAGE,ASLETICS,-,4,7,11,6,7,11,9,1
164,ボデー,ライオン好き,AKIRA YAMAOKA,-,3,5,7,3,6,-,9,1
165,HOUSE,真夏の花・真夏の夢,Sana,-,4,6,9,3,8,10,9,1
166,PSYCHEDELIC TRANCE,ALIEN TEMPLE,PINK PONG,-,5,7,8,5,8,10,10,1
167,DREAM TECHNO,ASTRAL VOYAGE,EeL,-,5,6,9,5,9,10,10,1
168,ITALO POP,BABY LOVE,Noria,-,6,7,10,6,7,11,10,1
169,2STEP POP TRANCE,Back Into The Light,Sota Fujimori,-,6,7,10,6,9,10,10,1
170,ROCOCO TEK,Boundary,SPARKER,-,4,9,9,5,9,9,10,1
171,EUROBEAT,CARRY ON NIGHT(English version),platoniX (EURO style),-,5,7,9,5,8,10,10,1
172,EUROBEAT,Daisuke,Y&Co.,-,6,8,10,5,8,11,10,1
173,ETHNO HARDCORE,Debtty Daddy,sampling masters AYA,-,5,9,11,5,8,11,10,1
174,PIANO BALLADE,desolation,Mr.T,-,2,4,5,3,4,-,10,1
175,HYPER J-POP FOUR,DoLL,TЁЯRA,-,5,6,7,6,7,9,10,1
176,ELECTROSHOCK,EXE,Mr.T,-,4,8,10,4,8,-,10,1
177,BREAK BEATS,Feedback,Audio Highs,-,5,8,10,5,10,10,10,1
178,DRUM'N'BASS,FEEL IT,RAM,-,5,9,10,5,9,10,10,1
179,NATURAL SOUND,Freezing atmosphere,Twin AmadeuS,-,4,6,9,4,8,10,10,1
180,GOA TRANCE,GHOST REVIVAL,L.E.D.,-,5,9,10,4,9,12,10,1
181,GAME MUSIC,GRADIUS-FULL SPEED-,Mr.T,-,4,8,10,3,7,11,10,1
182,RAVE,HIGH,RAM,-,5,9,9,6,9,10,10,1
183,TECHNO,Innocent Walls,TaQ,-,8,12,12,8,10,12,10,1
184,TRANCE,Love Is Eternity,kors k,-,6,9,11,6,10,12,10,1
185,RAVE,LOW,RAM,-,4,8,9,5,8,10,10,1
186,DANCE POP,Lucy,ELE BLOCK,-,4,9,11,4,10,-,10,1
187,ARTCORE,Narcissus At Oasis,Ryu☆,-,4,10,10,4,10,11,10,1
188,PROGRESSIVE BAROQUE,No.13,TAKA respect for J.S.B.,-,8,10,11,6,10,12,10,1
189,HAPPY,One More Lovely,Risk Junk,-,5,9,12,4,10,12,10,1
190,TRANCE,pandora,dj TAKA feat.Tomomi,-,5,8,9,7,9,11,10,1
191,HAPPY HARDCORE,rainbow rainbow,Ryu☆,-,7,10,11,7,9,11,10,1
192,TRANCE,Rise'n Beauty,Sota feat.Cyborg Akemi,-,6,9,10,6,10,11,10,1
193,J-POP,SHOOTING STAR,小坂りゆ,-,7,8,9,6,9,11,10,1
194,戦艦テクノ,SPACE FIGHT,AKIRA YAMAOKA,-,3,8,11,6,8,11,10,1
195,お江戸テクノ,1st Samurai,sampling masters MEGA,-,5,10,11,7,10,12,10,1
196,HARD HOUSE,雪月花,Ryu☆,-,6,10,12,8,10,12,10,1
197,ムートラ,システムロマンス,ヒロシ＆チー子,-,4,7,8,4,7,-,10,1
198,RENAISSANCE,AA,D.J.Amuro,-,5,10,12,5,9,12,11,1
199,HAPPY HARDCORE,AGEHA,Ryu☆,-,5,8,9,5,7,8,11,1
200,PSYCHEDELIC GOA TRANCE,ANDROMEDA,Sota Fujimori,-,5,8,11,4,9,11,11,1
201,TRANCE,awakening,AKIRA YAMAOKA,-,5,7,10,5,7,9,11,1
202,HARD DANCE,Be quiet,Ryu☆,-,5,9,11,6,8,11,11,1
203,TRANCE,BLOCKS,SPARKER,-,5,7,11,7,7,12,11,1
204,ROCOCO TEK,BREATH,SPARKER,-,6,7,10,5,8,10,11,1
205,CLICK HOUSE,Click Again,dj REMO-CON,-,5,6,11,4,6,10,11,1
206,AMERICA,Close my Eyes for Me,D-crew feat.DENNIS GUNN(DJ Yoshitaka SCRATCHING),-,5,8,9,5,8,11,11,1
207,J-POP,D.A.N.C.E.!,DJ Yoshitaka feat.星野奏子,-,3,5,10,3,5,8,11,1
208,J-POP,Don't be afraid myself,platoniX with ray.D,-,5,9,10,6,9,10,11,1
209,PIANO BALLAD,earth scape,dj TAKA,-,2,5,7,2,6,-,11,1
210,HARD ROCK,FAKE TIME,dj REMO-CON,-,5,11,12,7,12,12,11,1
211,DANCE POP,Fly Away To India,Baby Weapon feat.KAJIL,-,3,6,7,4,6,-,11,1
212,DRUM'N'BASS,GENOCIDE,dj Killer,-,6,10,11,6,12,12,11,1
213,NUSTYLE GABBA,gigadelic,teranoid feat.MC Natsack,-,9,12,12,10,12,12,11,1
214,HAPPY HARDCORE,HORIZON,LIA,-,5,7,8,5,7,9,11,1
215,BEAT ROCK,KEY,colors,-,6,8,11,5,8,11,11,1
216,PSYCHEDELIC TRANCE,NEBULA GRASPER,L.E.D.,-,6,9,10,7,9,11,11,1
217,COLORFUL HARDCORE,Raspberry♥Heart(English version),jun feat. PAULA TERRY,-,5,8,9,6,8,10,11,1
218,SPEED RAVE,RED ZONE,Tatsh&NAOKI,-,5,9,11,5,9,11,11,1
219,HARD SONATA,RESONATE 1794,KOHTA,-,5,10,11,4,11,-,11,1
220,DRUM'N'BASS,Secret of Love,D.J.SWAN,-,5,7,11,5,9,-,11,1
221,EUROBEAT,SPEEDY CAT,Y&Co.,-,5,8,9,5,9,10,11,1
222,MEDIEVAL CHOIR,Sphere,Tatsh feat. K.Nayuki,-,5,9,10,5,8,12,11,1
223,PSYCHEDELIC TECHNO,spiral galaxy,D.J.SETUP,-,5,9,11,5,9,10,11,1
224,CYBORG TRANCE,The Hope of Tomorrow,Sota Fujimori,-,5,8,10,6,9,10,11,1
225,HYPER J-POP FIVE,ULTiMΛTE,TЁЯRA,-,5,7,9,4,7,-,11,1
226,NATURAL SOUND,Wonder Bullfighter,Twin AmadeuS,-,5,7,11,5,8,10,11,1
227,JAPAN,大桟橋,ウッチーズ,-,3,6,9,3,6,-,11,1
228,DIRGE,"ピアノ協奏曲第１番""蠍火""",virkato,-,5,11,12,5,10,12,11,1
229,CYBER J-EURO,太陽～T・A・I・Y・O～,NAOKI feat.星野奏子,-,4,8,9,4,8,-,11,1
230,MEDIEVAL CHOIR,Xepher,Tatsh,3,5,10,11,5,11,12,12,1
231,SYNTHETIC PROGRESSIVE ROCK,100% minimoo-G,Sota Fujimori,-,5,9,10,4,10,-,12,1
232,GOTHIC METAL,Agnus Dei,あさき,-,5,9,10,5,8,11,12,1
233,NATURAL SOUND,alla turca con passione,Twin AmadeuS,-,5,8,10,4,8,9,12,1
234,TRANCE CORE,Aurora,Ryu☆,-,7,10,11,6,11,12,12,1
235,NOSTALISH REQUIEM,CaptivAte ～浄化～,A/I,-,5,9,11,5,9,11,12,1
236,ACID JAZZ,Catch Me,DJ Yoshitaka feat. ERi,-,5,7,9,4,8,11,12,1
237,BATTLE2005,double thrash,414,-,6,10,11,5,11,-,12,1
238,HYPER J-POP SIX,EDEN,TЁЯRA,-,6,9,10,7,8,-,12,1
239,E-ROCK,EMPTY OF THE SKY,AKIRA YAMAOKA,-,3,5,8,3,5,8,12,1
240,TECHNO RAVE,First Resolution,good-cool,-,5,7,9,5,8,11,12,1
241,SWING WALTZ,garden,青野りえ,-,4,7,10,4,7,12,12,1
242,RAVE,Get'em up to R.A.V.E,Disconation,-,5,8,10,5,8,-,12,1
243,HAPPY HARDCORE,HAPPY☆ANGEL,jun with TAHIRIH,-,5,7,10,5,7,-,12,1
244,CYBER J-ROCK,I am,有沢みはる from BeForU,-,5,8,10,5,8,-,12,1
245,CLICK HOUSE,in motion,Ryu☆,-,5,6,7,5,6,8,12,1
246,TRANCE,INAZUMA,dj TAKA,-,5,9,11,5,9,12,12,1
247,HAPPY EXTREME,LESSON 5,Risk Junk feat. Erika Mochizuki,-,5,8,10,5,7,12,12,1
248,PUNK OPERA,Little Little Princess,SHRINE 418,-,5,10,11,5,10,-,12,1
249,DRUM'N'BASS,Love Magic,D.J.SWAN,-,5,8,10,4,8,-,12,1
250,FUTURE HOUSE,MOON RACE,ELEKTEL,-,5,7,9,5,8,-,12,1
251,HEART,Pink Rose,Kiyommy+Seiya,-,3,5,6,3,5,-,12,1
252,SYNTHESIZED TECHNO,PLASMA,Sota Fujimori,-,5,8,10,5,8,-,12,1
253,HARD DANCE,Pollinosis,dj REMO-CON,-,4,6,11,4,7,9,12,1
254,EUROBEAT,POODLE,Y&Co.,-,5,8,10,5,8,-,12,1
255,DIGI-ROCK,rage against usual,dj TAKA feat.Gt.Shintaro,-,7,10,12,6,11,12,12,1
256,BREAKCORE,SCREAM SQUAD,CALF,-,7,10,11,6,8,11,12,1
257,MAKINA,SigSig,kors k,-,5,7,10,5,7,12,12,1
258,MPB,Tizona d'El Cid,TOMOSUKE,-,5,9,10,5,10,-,12,1
259,HAPPY EURO PARADISE,Twelfth Style,Tatsh&DAYBREAKERS NEXT,-,6,7,10,7,9,10,12,1
260,J-EUROTRANCE,Under the Sky,南さやか(BeForU) with platoniX,-,5,7,9,4,7,9,12,1
261,ELECTROSHOCK,vault of heaven,Mr.T,-,4,8,10,4,7,-,12,1
262,ANTHEM TRANCE,Votum stellarum,iconoclasm (dj TAKA/wac),-,4,9,10,4,10,-,12,1
263,DISCO,We are Disっ娘よっつ打ち命,DANCE☆MAN feat. Disっ娘,-,3,5,9,3,5,9,12,1
264,FUNK,オレはビートマニア!お前は何マニア?,DANCE☆MAN,-,7,8,9,5,8,9,12,1
265,J-HAPPY HARDCORE,ヒマワリ,小坂りゆ,-,3,9,10,4,8,9,12,1
266,REGGAE,ラクエン,Chonan Chiharu,-,4,5,10,4,8,-,12,1
267,HUMAN SEQUENCER,冥,Amuro vs Killer,-,5,10,12,5,11,12,12,1
268,HARD DANCE,合体せよ！ストロングイェーガー！！ (Ryu☆ remix),L.E.D. / Remixed by Ryu☆,-,5,8,11,5,9,10,12,1
269,J-EUROBEAT,月光,Tatsh feat.星野奏子,-,5,8,10,4,9,11,12,1
270,TECHNO,Scripted Connection⇒ A mix,DJ MURASAME,-,7,10,12,8,10,11,12,1
271,TECHNO,Scripted Connection⇒ H mix,DJ MURASAME,-,7,10,11,8,10,11,12,1
272,TECHNO,Scripted Connection⇒ N mix,DJ MURASAME,-,6,8,10,6,9,10,12,1
273,HYPER J-POP SEVEN,ALFARSHEAR 双神威に廻る夢,TЁЯRA,2,5,7,10,6,9,10,13,1
274,ORATORIO,Apocalypse ～dirge of swans～,Zektbach,-,5,9,10,5,9,11,13,1
275,CELTIC REEL,BALLAD THE FEATHERS,S.S.D.FANTASICA feat.Naomi Koizumi,-,4,6,8,5,7,-,13,1
276,HARD RENAISSANCE,Bloody Tears(IIDX EDITION),DJ YOSHITAKA,-,5,9,10,5,11,-,13,1
277,LATIN HORNS GROOVE,bluemoon,小野秀幸,-,4,7,10,5,10,11,13,1
278,EUROBEAT,BOOM BOOM DISCO NIGHT,Y&Co.,-,5,8,10,5,9,10,13,1
279,TRANCE,Broadbanded,SADA,-,4,8,10,4,10,11,13,1
280,PROGRESSIVE,Concertino in Blue,佐々木博史,-,5,10,11,5,11,-,13,1
281,SUBLIME TECHNO,CONTRACT,朱雀,-,7,10,11,7,10,11,13,1
282,TECHNO,D.C.fish,DJ MURASAME,-,5,9,11,5,8,11,13,1
283,J-POP,Double♡♡Loving Heart,Tatsh feat. Junko Hirata & Sayaka Minami,-,3,6,9,4,7,-,13,1
284,TECHNO,DUE TOMORROW,Mr.T,-,6,9,11,6,11,-,13,1
285,80's TECHNO,EURO-ROMANCE,K-MASERA,-,5,8,10,5,8,-,13,1
286,ESOTERIC SLOWCORE,Ganymede,玄武,-,5,10,11,7,11,12,13,1
287,PROGRESSIVE HOUSE,Harmony and Lovely,Ryu☆,-,4,8,11,5,9,11,13,1
288,TRANCE,Heavenly Sun (IIDX VERSION),AKIRA YAMAOKA,-,4,7,10,4,8,10,13,1
289,BRAZILIAN HOUSE,INFERNO,Caldeira feat.星野奏子,-,5,7,9,5,7,-,13,1
290,SYMPHONIC EURO,Leaving...,"SEIYA MURAI meets ""eimy""",-,4,8,10,4,7,-,13,1
291,NEW ACOUSTIC,Melody Life,Noria,-,4,6,9,4,6,-,13,1
292,ELECTRONICA,MINT,SLAKE,-,6,10,11,5,9,-,13,1
293,AISYU-EURO,MOON,dj TAKA feat. Erika Mochizuki,-,5,9,10,5,10,-,13,1
294,2 STEP,Power of Love,kors k feat. PSY,-,5,7,10,4,8,11,13,1
295,BUCHIAGE TRANCE,So Fabulous !!,HHH (Ryu☆ & Dai),-,5,8,10,5,9,12,13,1
296,HAPPY POP,Sun Field,mh sequence,-,3,8,11,5,9,11,13,1
297,SADISTIC HARDCORE,The Dirty of Loudness,Tatsh Assault X,-,7,11,12,7,11,12,13,1
298,CORE POP,This is Love,D-crew feat.MAKOTO,-,4,9,10,5,8,-,13,1
299,FREEFORM,tripping contact,kors k vs. teranoid,-,6,9,11,7,10,-,13,1
300,GABBA,tripping contact (teranoid&MC Natsack Remix),kors k vs. teranoid,-,6,9,11,7,10,12,13,1
301,PSYCHEDELIC TRANCE,TYPE MARS (G-Style Mix),L.E.D.,-,5,9,11,6,10,,13,1
302,ELECTRO LOUNGE,Ubiquitous Fantastic Ride,ELEKTEL,-,4,7,8,3,7,10,13,1
303,DANCE SPEED,waxing and wanding,青龍,-,7,10,11,7,10,12,13,1
304,LOVERS EUROBEAT,Why did you go away,jun with TAHIRIH,-,5,8,10,5,9,11,13,1
305,CUTE POPS,wish,DJ Yoshitaka feat.杉村ことみ,-,4,6,7,4,6,8,13,1
306,EUROBEAT,WISH (EUROBEAT MIX),DJ YOSHITAKA feat.杉村ことみ,-,5,8,9,6,8,10,13,1
307,FUNK'N JAZZ HOUSE,with you...,Sota Fujimori,-,4,6,9,4,7,-,13,1
308,CYBER OPUS,Zenius -I- vanisher,Tatsh,-,5,7,10,5,8,11,13,1
309,和式電子音楽,カゴノトリ～弐式～,橙色特別室,-,6,9,11,6,9,12,13,1
310,POPROCK,タシカナモノ,星野奏子 with the BAND,-,5,7,9,5,7,11,13,1
311,CONTEMPORARY,嘆きの樹,金獅子,-,8,11,12,7,11,12,13,1
312,DRUM'N ROCK,罠,good-cool,-,2,8,10,4,7,-,13,1
313,ASIAN MIXTURE,華蝶風雪,白虎,-,6,10,11,7,10,12,13,1
314,LOVELY TRANS POP,虹色,DJ YOSHITAKA feat. G.S.C license,-,5,8,9,5,7,8,13,1
315,HYPER J-POP ZERO,零 - ZERO -,TЁЯRA,1,6,8,9,6,8,10,14,1
316,NOSTALISH REQUIEM,CaptivAte～裁き～,DJ YOSHITAKA feat.A/I,3,5,8,9,5,9,11,14,1
317,FLOW POP,Air Bell,D-crew,-,5,6,8,5,7,8,14,1
318,PSYCHEDELIC SYNTH TRANCE,ANDROMEDA II,Sota Fujimori,-,5,9,10,5,10,-,14,1
319,EPIC POETRY,"Blind Justice ～Torn souls, Hurt Faiths～",Zektbach,-,6,8,11,7,8,10,14,1
320,HAPPY,Candy Galy,Risk Junk-G,-,7,10,12,6,8,12,14,1
321,NOSTALISH REQUIEM,CaptivAte～誓い～,A/I,-,6,9,10,6,9,-,14,1
322,DRAMATIC EURO TRANCE,CROSSROAD,jun with TAHIRIH,-,5,8,10,6,8,10,14,1
323,CYBORG TRANCE,Cyber Force,Sota Fujimori feat.cyborg AKEMI,-,5,9,10,6,8,8,14,1
324,SuperNOVA BEAT,Fascination MAXX,100-200-400,-,8,11,12,9,11,12,14,1
325,BUCHIAGE TRANCE,FIRE FIRE,StripE,-,7,10,12,6,9,11,14,1
326,ROCK,four-leaf,Sis Bond Chit,-,4,6,8,4,8,-,14,1
327,RECKLESS RAVE,GOLD RUSH,DJ YOSHITAKA-G feat. Michael a la mode,-,8,9,11,7,8,10,14,1
328,ELECTRONICA,GRID KNIGHT,SAW WAVE SQUAD,-,6,8,9,7,8,10,14,1
329,FILTER HOUSE,heaven above,kors k,-,5,7,9,5,7,9,14,1
330,HIGH SPEED LOVE SONG,High School Love,DJ YOSHITAKA feat.DWP,-,4,6,9,5,7,9,14,1
331,MILLENNIUM TRANCE,INORI,dj TAKA feat.HAL,-,6,10,11,6,9,12,14,1
332,FREEFORM HARDCORE,KAMAITACHI,DJ TECHNORCH fw.GUHROOVY,-,6,9,11,8,10,12,14,1
333,NU-SKOOL BREAKS,LASER CRUSTER,L.E.D.,-,7,11,12,7,11,-,14,1
334,POPS,Love Again...,Tatsh feat. Junko Hirata,-,3,4,5,4,5,-,14,1
335,HOUSE,Make Me Your Own,good-cool ft. Raj Ramayya,-,5,9,10,4,9,-,14,1
336,OLDSKOOL HARDCORE RAVE,METALLIC MIND,DJ TECHNORCH fw.GUHROOVY,-,4,8,9,5,7,-,14,1
337,DANCE POP,never...,Kanako Hoshino with dj TAKA,-,4,7,8,4,6,-,14,1
338,PIANO CONCERTO,op.31 叙情,akiko,-,4,9,10,5,11,-,14,1
339,DRUM & BASS,PHOTONGENIC,L.E.D. fw.堀澤麻衣子,-,7,10,10,7,9,11,14,1
340,EUROBEAT,Roulette,Y&Co.,-,5,8,10,5,8,10,14,1
341,HANDZ UP,Second Heaven,Ryu☆,-,5,8,11,6,8,11,14,1
342,RAVE,Sense 2007,good-cool,-,9,11,12,9,11,12,14,1
343,ELE POP,smile,miru_maki.gjw,-,8,9,11,7,9,12,14,1
344,TRANCE,snow storm,dj TAKA,-,4,9,10,4,10,12,14,1
345,SCHRANZ,the shadow,kors k,-,6,9,11,5,9,11,14,1
346,POP,The Smile of You,猫叉Master feat.JESSY,-,5,7,8,4,6,7,14,1
347,PSG WORKS,TRANOID,T&S seq. factory,-,5,10,12,6,10,12,14,1
348,DECEPTIVE GABBA,VANESSA,朱雀,-,8,11,12,7,11,12,14,1
349,HIP HOP,Watch out!!,MAD Sequence*,-,4,6,9,4,6,-,14,1
350,J-HOUSE,With your Smile,Shoichiro Hirata plus Junko Hirata,-,4,6,8,4,7,9,14,1
351,RETRO RAVE,X-rated,SADA,-,4,8,10,5,8,10,14,1
352,FUTURE POP,クルクル☆ラブ～Opioid Peptide MIX～,イオンチャンネル,-,5,8,10,5,8,10,14,1
353,TRANCE,シティ・エンジェル,PINK PONG,-,5,7,10,5,7,10,14,1
354,TECHNO,ヨシダさん,AKIRA YAMAOKA,-,5,7,9,5,6,8,14,1
355,EURO TRANCE,リグレット,星野奏子,-,6,8,10,6,8,-,14,1
356,J-POP,星をこの手に,DJ YOSHITAKA feat.星野奏子,-,7,9,10,6,9,-,14,1
357,JAPANESE ALTERATION,花吹雪 ～ IIDX LIMITED ～,S.S.D.FANTASICA feat.ユッコ,-,4,6,8,5,7,8,14,1
358,NU-NRG,電人、暁に斃れる。,L.E.D.-G,-,7,10,12,7,11,12,14,1
359,HYPER JAPANESQUE 2,華爛漫 -Flowers-,TËЯRA,2,5,8,10,7,9,10,15,1
360,LOVELY BUCHIAGE POP,MAX LOVE,DJ YOSHITAKA feat.星野奏子,3,5,8,10,7,9,-,15,1
361,TRIBAL,2 tribe 4 K,Remo-con,-,5,7,9,6,8,10,15,1
362,HARD RENAISSANCE,"Anisakis -somatic mutation type""Forza""-",朱雀,-,5,9,11,6,10,12,15,1
363,CLASSICAL PIANO SOLO,avant-guerre,Osamu Kubota,-,4,7,10,5,9,10,15,1
364,EUROBEAT,Be OK,good-cool ft. Florence,-,5,8,10,6,9,-,15,1
365,TECH-TRONIKA,beatonic nation,Sota Fujimori,-,5,8,9,5,7,10,15,1
366,TRANCE,Blue Rain,dj TAKA Vs. Ryu☆,-,6,8,11,6,8,10,15,1
367,J-R&B,Darling my LUV,DJ Yoshitaka feat.B-Agents,-,4,6,8,5,7,-,15,1
368,HANDZ UP,Dazzlin' Darlin,HHH,-,4,7,10,5,7,11,15,1
369,TECH-BREAKBEATS,Digitank System,DJ Mass MAD Izm*,-,6,9,11,5,8,10,15,1
370,N-BEATS,Do it!! Do it!!,Kraken,-,7,10,11,5,10,11,15,1
371,FRENZY HOUSE,end of world,猫叉Master+,-,6,9,10,5,10,-,15,1
372,PROG,evergreen,kors k,-,5,7,10,5,8,11,15,1
373,JUNGLE,four pieces of heaven,Lion,-,5,10,11,6,10,12,15,1
374,TRANCE,Freeway Shuffle,dj TAKA,-,4,7,10,5,8,9,15,1
375,NU-SKOOL BREAKBEATS HARDCORE,ICARUS,Eagle,-,7,10,12,7,10,12,15,1
376,HAPPY HARDCORE,in the Sky,Ryu☆,-,7,9,11,7,10,11,15,1
377,E-DANCE POP,Kick Out 仮面,"上野圭市(aka. Babyweapon,DJ SWAMI)feat.星野奏子",-,5,7,9,5,7,10,15,1
378,HAPPY HARDCORE,LOVELY STORM,L.E.D.-G,-,6,9,10,7,10,11,15,1
379,PROGRESSIVE HOUSE,madrugada,PINK PONG,-,4,7,9,3,7,10,15,1
380,IRREGULAR HI-BREAK,MENDES,Humanoid,-,6,11,12,6,10,12,15,1
381,HARD HOP,MENTAL MELTDOWN,GUHROOVY fw. DJ TECHNORCH,-,6,9,10,6,9,11,15,1
382,ONLY ONE EURO BEAT,NEW GENERATION -もう、お前しか見えない-,SUPER STAR 満-MITSURU-,-,5,9,10,6,9,11,15,1
383,ENERGETIC TRANCE,Now and Forever,StripE vs MUNETICA feat.ARISA,-,5,8,10,5,9,11,15,1
384,HYMNUS,oratio,蓑舞衆,-,7,10,12,7,9,12,15,1
385,SuperNOVA2 BEAT #1,PARANOiA ～HADES～,αTYPE-300,-,7,11,12,8,11,12,15,1
386,BALLAD,PROMISE FOR LIFE,TЁЯRA WORKS,-,3,7,8,4,6,8,15,1
387,TRI EURO FANTASIA,REMINISCENCE,jun with Alison,-,6,9,10,6,9,11,15,1
388,OUVERTÜRE,Ristaccia,Zektbach,-,6,9,12,5,8,10,15,1
389,HARD HOUSE,"satellite020712 from ""CODED ARMS""",猫叉Master,-,6,9,11,8,10,12,15,1
390,RAVE,satfinal,RAM,-,5,7,9,6,8,10,15,1
391,WORLD/ELECTRONICA,scar in the earth,猫叉Master,-,3,5,8,4,7,9,15,1
392,FREEFORM HARDCORE,SOUND OF GIALLARHORN,L.E.D.-G,-,6,10,11,6,9,10,15,1
393,TECHNOTRONICA,State Of The Art,Sota Fujimori feat. cyborg AKEMI,-,5,8,9,6,8,9,15,1
394,BREAK CORE,STEEL NEEDLE,Scorpion,-,6,10,11,6,10,11,15,1
395,ULTIMATE J-POP,switch,DAISUKE ASAKURA ex.TËЯRA,-,4,9,11,5,9,11,15,1
396,NU STYLE GABBA,THE DEEP STRIKER,L.E.D.-G,-,6,10,11,5,10,11,15,1
397,ETHNOTRONICA,the trigger of innocence,Seiya Murai,-,5,7,9,6,9,10,15,1
398,DANCE SPEED,Time to Air,青龍,-,6,10,11,7,9,11,15,1
399,ULTIMATE CORE,TROOPERS,Des-TRACT,-,6,10,12,6,10,12,15,1
400,PROGRESSIVE BAROQUE,Übertreffen,TAKA respect for J.S.B.,-,6,10,11,7,10,12,15,1
401,PIANO HOUSE,Wanna Party?,RAM,-,4,7,8,3,6,9,15,1
402,80's EURO,エコ爺,Y&Co.,-,4,6,9,4,6,9,15,1
403,EDUCATION,マチ子の唄,AKIRA YAMAOKA,-,4,6,8,4,7,9,15,1
404,FUSION,ミラージュ・レジデンス,Jimmy Weckl,-,5,9,10,6,10,12,15,1
405,POST RENAISSANCE,少年A,Remixed by 少年ラジオ,-,6,10,12,6,10,12,15,1
406,SOLDIER'S BALLAD,走馬灯 -The Last Song-,TAKA,-,3,4,7,3,4,-,15,1
407,NOSTALISH REQUIEM,CaptivAte2～覚醒～,e-lma,1,6,9,11,5,9,11,16,1
408,J-TRANCE,翼,小林ゆう,1,4,7,9,5,8,10,16,1
409,DANCE MUSIC OF SORROW,NΦ CRIME,C×F,2,4,7,9,5,8,9,16,1
410,CANDY RAVE,smooooch ・∀・,kors k,2,4,8,10,5,8,10,16,1
411,ELEMENTAL CHANT,Turii ～Panta rhei～,Zektbach,2,4,9,10,4,8,10,16,1
412,撫子ロック,凛として咲く花の如く,紅色リトマス,3,6,9,10,6,9,10,16,1
413,DANCE SPEED,3y3s,青龍,-,7,10,12,8,10,12,16,1
414,HARD CORE,ALL I NEED YOUR LOVE,GUHROOVY fw.M-Project,-,5,7,9,6,7,9,16,1
415,ONLY ONE EURO BEAT,ALL MY TURN -このターンに、オレの全てを賭ける-,SUPER STAR 満-MITSURU-,-,6,9,11,6,9,11,16,1
416,ARABIC HARDCORE,Arabian Rave Night,dj MAX STEROID,-,6,10,11,6,10,11,16,1
417,RECKLESS RAVE,B4U (BEMANI FOR YOU MIX),Remixed by DJ YOSHITAKA with Michael a la mode,-,6,9,11,7,9,11,16,1
418,HOUSE,Bahram Attack -猫叉Master Remix-,猫叉Master feat.JUNE,-,4,9,10,5,9,11,16,1
419,JUMPSTYLE,BITTER CHOCOLATE STRIKER,L.E.D.-G,-,5,10,12,5,10,11,16,1
420,HAPPY☆JIG,BRIDAL FESTIVAL !!!,S.S.D. feat.ななっち,-,4,7,9,5,8,9,16,1
421,HAPPY HARDCORE,Colorful Cookie,Lucky Vacuum,-,5,10,12,7,10,12,16,1
422,BUCHIAGE TRANCE,Cyber Force -DJ Yoshitaka Remix-,Remixed by DJ YOSHITAKA,-,5,9,10,6,9,10,16,1
423,MEGA MIX,Flash Back 90's,kors k as disconation,-,4,8,10,5,8,10,16,1
424,DREAM TRANCE,Fly Above,Sota Fujimori,-,5,6,8,5,8,9,16,1
425,TRANCE CORE,Go Beyond!!,Ryu☆ Vs. Sota,-,6,10,12,6,10,12,16,1
426,MORNING FULL ON,HYPERION,L.E.D.,-,6,9,11,6,10,11,16,1
427,TECHNO POP,I'm Screaming LOVE,Creative Life,-,4,6,7,5,7,9,16,1
428,MIXTURE,Jack,DesQ,-,5,7,10,5,8,11,16,1
429,NU SKOOL BREAKS,Just a Little Smile,Sota Fujimori,-,4,8,11,5,8,11,16,1
430,ASIAN JANGLE,Kung-fu Empire,飛燕流舞,-,6,10,11,6,10,11,16,1
431,ELECTRO-TECH,Mind Mapping,Ryu☆,-,4,7,9,4,7,8,16,1
432,EUROBEAT,Monkey Dance '09,Y&Co. Feat. DOMINO,-,4,8,10,4,8,11,16,1
433,TECH-BREAKBEATS,naughty girl@Queen's Palace,DJ Mass MAD Izm*,-,5,9,11,5,8,10,16,1
434,ENERGETIC TRANCE,neogenesis,DM Ashura,-,4,6,9,5,7,9,16,1
435,PSY TRANCE(FULL ON),Programmed World,kors k as StripE,-,5,9,11,5,10,11,16,1
436,E-DANCE POP,Punch Love ♥ 仮面,"上野圭市(a.k.a.Baby Weapon,DJ SWAMI) feat.星野奏子",-,5,8,10,6,9,10,16,1
437,BIG BEAT,Queen's Tragedy,猫叉Master+,-,4,8,10,4,8,9,16,1
438,TECH PARA,Secrets,good-cool feat.CHiCO,-,6,9,11,5,9,11,16,1
439,TECHNO,SOLITON BEAM,L.E.D.,-,6,9,10,7,10,12,16,1
440,ONLY ONE EPILOGUE,THANK YOU FOR PLAYING,SUPER STAR 満-MITSURU-,-,5,9,10,5,8,10,16,1
441,PROGESSIVE,V₂,TAKA,-,6,10,11,5,10,11,16,1
442,90's RAVE,Y&Co. is dead or alive,Y&Co.,-,5,9,10,5,10,11,16,1
443,ONLY ONE TECHNO,"You'll say ""Now!""",BLACK STAR 幸広-YUKIHIRO-,-,6,10,11,7,10,11,16,1
444,HOU-ROCK,ハリツヤランデヴー,Des-MASTERS,-,5,8,10,5,8,10,16,1
445,J-DANCE POP,まほろば,HHH+H,-,5,7,9,5,8,11,16,1
446,TRENDY TECHNO,ミッドナイト堕天使,Dr. Honda,-,5,7,9,5,8,9,16,1
447,HARDCORE,不沈艦CANDY,Risk Junk,-,6,9,12,6,9,11,16,1
448,ESOTERIC SPEEDCORE,卑弥呼,朱雀 VS 玄武,-,6,11,12,7,11,12,16,1
449,RAGE AGAINST EMPRESS,天空脳番長危機十六連打,D.J.SETUP,-,5,10,11,5,10,11,16,1
450,ポップス,山岡晃の「クイズ！家事都合！」,AKIRA YAMAOKA feat.喜屋武ちあき,-,4,7,10,5,8,10,16,1
451,IRON CONCERTO,鉄甲乙女 -under the steel-,Seiya Murai,-,4,7,10,5,9,10,16,1
452,ASTRAL CHOIR,Raison d'être～交差する宿命～,Zektbach,1,5,10,11,6,10,12,17,1
453,EMO,Sorrows,Asako Yoshihiro,1,5,8,10,5,8,11,17,1
454,HAPPY HARDCORE,bloomin' feeling,Ryu☆,2,7,9,11,6,10,11,17,1
455,WHITE SEQUENCE,DROP,dj TAKA feat.Kanako Hoshino,2,4,9,11,4,8,11,17,1
456,ACTRESS,Roots of my way!,ナイア,2,4,7,9,5,7,9,17,1
457,TRANCE CORE,Elisha,DJ YOSHITAKA,3,6,10,11,5,9,11,17,1
458,ONLY ONE BALLAD,She is my wife,SUPER STAR 満-MITSURU-,3,5,9,10,5,9,10,17,1
459,AKASHIC RECORDS,Almagest (HCN Ver.),Galdeira,-,7,11,12,6,11,12,17,1
460,SPEEDCORE,AIR RAID FROM THA UNDAGROUND,GUHROOVY,-,6,9,11,6,9,11,17,1
461,AKASHIC RECORDS,Almagest,Galdeira,-,6,11,12,6,11,12,17,1
462,INDUSTRIAL,Bad Maniacs,kors k as teranoid,-,7,10,12,7,10,12,17,1
463,BUBBLEGUM DANCE,bass 2 bass,Ryu☆,-,4,7,10,5,7,10,17,1
464,E-DANCE POP,beatchic☆仮面～好き、でいさせて～,上野圭市（transforming into Masao♥Lovely) feat.星野奏子,-,5,8,9,5,8,10,17,1
465,DRUM'N'BASS,BEAUTIFUL ANGEL,DJ SWAN,-,4,8,10,5,8,11,17,1
466,ELECTRO POP,being torn the sky,猫叉Master+ feat.JUNE,-,4,7,10,3,7,9,17,1
467,SUBLIME TECHNO,CaptivAte～裁き～(SUBLIME TECHNO MIX),Remixed by DJ YOSHITAKA,-,5,8,10,5,8,11,17,1
468,NEXT SKOOL BREAKBEATS HARDCORE,D,Eagle,-,7,10,11,6,10,11,17,1
469,DRUM & BASS,DAWN -THE NEXT ENDEAVOUR-,L.E.D. fw.堀澤麻衣子,-,7,9,11,7,9,10,17,1
470,EUROBEAT,Dazzlin' Darlin-秋葉工房mix-,Remixed by DJ Command,-,4,8,10,5,8,10,17,1
471,UK HARDCORE,DESIRE,M-Project fw.GUHROOVY,-,5,9,11,5,8,10,17,1
472,HARDCORE,DOMINION,L.E.D.-G ,-,7,10,12,5,10,12,17,1
473,CYBERPUNK,Empire State Glory,Dirty Androids,-,6,9,11,6,10,11,17,1
474,HARDCORE,eRAseRmOToRpHAntOM,L.E.D.-G VS GUHROOVY,-,7,10,12,7,10,12,17,1
475,HARD RENAISSANCE,Evans,DJ YOSHITAKA,-,6,10,12,7,10,12,17,1
476,HARDCORE,EXUSIA,L.E.D.-G,-,6,10,12,8,10,12,17,1
477,EXPERIMENTAL MUSIC,G59,怒れる金の獅子,-,7,10,12,6,11,12,17,1
478,HARDCORE TECHNO,GALGALIM,L.E.D.,-,6,10,11,7,10,11,17,1
479,TECHNO,GOLDEN CROSS,dj REMO-CON VS dj TAKA,-,4,9,12,6,8,12,17,1
480,TECH DANCE,Hydrogen Blueback,MAD CHILD,-,5,8,10,5,8,10,17,1
481,EUROBEAT,IN THE NAME OF LOVE,Y&Co. feat. Erica,-,4,7,9,4,8,10,17,1
482,EUROBEAT,Keep it-秋葉工房mix-,DJ Command feat.NAGISA,-,5,9,10,5,9,11,17,1
483,ELECTRO,Last Burning,Dirty Androids,-,5,7,10,4,7,9,17,1
484,BUBBLEGUM DANCE,Light Shine,Ryu☆,-,5,7,10,5,9,11,17,1
485,BUCHIAGE TRANCE,MIRACLE MEETS,Lucky Vacuum,-,6,9,11,6,9,10,17,1
486,TECHNO POP SPEED,mosaic,Auridy,-,6,10,12,7,8,11,17,1
487,ONLY ONE IDOL SONG,NEW SENSATION -もう、あなたしか見えない-,SUPER HEROINE 彩香 -AYAKA-,-,6,10,11,6,9,11,17,1
488,TECHNO POP,NoN-Fiction Story!,Creative Life,-,4,7,10,4,7,9,17,1
489,PSY TRANCE(MORNING),Programmed Sun,kors k,-,6,9,11,4,9,10,17,1
490,TRANCE,quell～the seventh slave～,dj TAKA Vs. DJ YOSHITAKA,-,4,9,12,7,9,12,17,1
491,TECH-BREAKBEATS,Red. by Full Metal Jacket,DJ Mass MAD Izm*,-,6,10,12,6,9,12,17,1
492,ELECTRIC FUSION,Session 1 -Genesis-,PRASTIK DANCEFLOOR,-,6,9,11,8,9,11,17,1
493,HARDSTYLE,SOLID STATE SQUAD,L.E.D. Vs. kors k,-,5,10,12,5,11,12,17,1
494,J-HOUSE,Special One,kors k feat. Suzuyo Miyamoto,-,5,7,9,5,8,9,17,1
495,DRUM & BASS,THE LAST STRIKER,L.E.D.,-,6,8,11,6,8,10,17,1
496,EPIC TRANCE,The Story Begins,SADA & SOTA,-,4,8,10,6,9,11,17,1
497,INSANIO,かずあそび,CULTVOICE by S.S.D.PRODUCTS,-,3,6,8,4,7,9,17,1
498,J-POP,コスモス,TSU-NA,-,5,8,9,5,8,9,17,1
499,WORLD/ELECTRONICA,サヨナラ・ヘヴン,猫叉Master,-,4,6,8,6,7,8,17,1
500,POPS,たからもの,セリカ&エリカ,-,6,8,9,5,7,10,17,1
501,DISTORTED NEW AGE,バビロニア,劇団レコード,-,4,7,8,4,6,8,17,1
502,VALSE,"ワルツ第17番 ト短調""大犬のワルツ""",virkato,-,6,10,12,6,10,12,17,1
503,STAR POP,未来のプリズム,星野奏子,-,4,7,9,4,8,10,17,1
504,WORLD/ELECTRONICA,水上の提督 (Short mix from ”幻想水滸伝V”),猫叉Master,-,4,8,10,3,9,10,17,1
505,HYPER FANTASIA,Fantasia,TËЯRA,1,3,8,10,4,8,10,18,1
506,WORLD/POPS,おおきなこえで,猫叉Master feat.Sana,1,3,5,7,3,5,7,18,1
507,RESORT HOUSE,WISE UP!,木之下慶行 feat.星野奏子,2,3,7,9,3,6,9,18,1
508,IDM,ZETA～素数の世界と超越者～,Zektbach,2,4,9,11,6,10,12,18,1
509,BUBBLEGUM DANCE,Mermaid girl,Cream puff,3,5,8,10,6,8,10,18,1
510,ENERGETIC HAWAIIAN TRANCE,Kailua (HCN Ver.),kors k,-,5,9,11,4,9,12,18,1
511,TECHNO,Aegis,IT medalion,-,6,8,11,5,8,10,18,1
512,HARD RENAISSANCE,ALBIDA,DJ YOSHITAKA,-,6,10,12,6,9,11,18,1
513,STARPOP,Answer,星野奏子,-,4,7,10,5,7,9,18,1
514,LATIN TEK,ANTHEM LANDING,DJムラサメ,-,5,9,11,6,10,11,18,1
515,HARDCORE,Believe In Me,Uraken feat. Calyn Tsukishima,-,5,9,11,5,9,11,18,1
516,CROSSOVER HOUSE,BLUST OF WIND,Anemo=Aspel by MLREC.,-,5,8,10,5,8,10,18,1
517,DANCEHALL,Bounce Bounce Bounce,kors k feat. Kanata Okajima＆楽天斎,-,5,9,11,5,9,11,18,1
518,HARDCORE,Breaking the ground,Art of Fighters,-,5,8,10,5,8,10,18,1
519,TRANCE,Broken,dj TAKA feat. AiMEE,-,5,9,12,5,9,12,18,1
520,SYMPHONIC-TEK,BROKEN EDEN,MYTHOLOGIA by MLREC.,-,6,9,11,6,10,11,18,1
521,トレンディートランス,Dances with Snow Fairies,Dr.Honda,-,7,10,12,7,10,12,18,1
522,GIRLY ROCK,DAYDREAMER,ピンクターボ,-,6,8,10,6,8,10,18,1
523,ELECTRIC STEP,Destiny Sword,CAPACITY GATE,-,5,9,11,5,9,11,18,1
524,SPEED RAVE,DM STAR ～関西 energy style～,NAOKI,-,6,9,10,6,9,11,18,1
525,GABBA,ELECTRIC MASSIVE DIVER,L.E.D.-G,-,6,10,12,6,9,12,18,1
526,HARDCORE,Energy Drive,kevin energy,-,6,8,11,6,8,11,18,1
527,WINTER BALLADE,Eternal Tears,ツガル,-,2,5,7,2,5,7,18,1
528,ONLY ONE ANTHEM,Everlasting Resort,SUPER STAR 満 -MITSURU-,-,4,7,10,5,7,10,18,1
529,NU DISCO,Golden Palms,Dirty Androids,-,5,8,10,5,9,10,18,1
530,DRUM&BASS,I FIGHT ME,kobo feat.Marsha,-,3,7,9,4,7,10,18,1
531,ENERGETIC HAWAIIAN TRANCE,Kailua,kors k,-,5,9,11,4,9,12,18,1
532,UK HARDCORE,Let The Track Flow,Brisk & Ham,-,6,9,11,5,8,11,18,1
533,MAGICAL POP,Medicine of love,イロハ＆リリナ,-,4,6,9,4,6,9,18,1
534,IIDX HANDZ UP!!,Never Fade Away,Sota Fujimori feat. dj MAX STEROID,-,4,8,11,5,9,11,18,1
535,TRANCE CORE,PARADISE LOST,Ryu☆ Vs. L.E.D.-G,-,7,10,12,7,10,12,18,1
536,HANDZ UP,passionate fate,Ryu☆,-,6,8,10,6,9,11,18,1
537,ANTHEM CORE,perditus†paradisus,iconoclasm,-,7,11,12,7,11,12,18,1
538,PSY TRANCE (FULL ON),Programmed Life,kors k,-,6,9,10,6,9,11,18,1
539,CYBER WALTZ,reunion,Tatsh,-,8,11,12,8,11,12,18,1
540,UK HARDCORE,Rock Da House,M-Project fw.GUHROOVY,-,5,9,11,5,8,10,18,1
541,SHOOTING WALTZ,SABER WING,TAG,-,5,9,11,5,9,12,18,1
542,HAPPY HARDCORE,Sakura Reflection,Ryu☆,-,3,9,11,6,9,11,18,1
543,HAPPY HARDCORE,sakura storm,Ryu☆,-,5,8,12,6,10,12,18,1
544,ROCKIN' DRUM'N'BASS,Session 9 -Chronicles-,PRASTIK DANCEFLOOR,-,5,10,12,5,10,12,18,1
545,ENERGETIC TRANCE,Space Time,NISH,-,4,8,10,4,8,11,18,1
546,BUCHIAGE TRANCE,SPECIAL SUMMER CAMPAIGN!,Lucky Vacuum,-,4,8,12,6,10,12,18,1
547,R&B,Stay my side,DJ Yoshitaka feat.RINA,-,4,6,8,4,6,7,18,1
548,HARD DANCE,STELLAR WIND,L.E.D.,-,4,9,11,5,9,11,18,1
549,GOA TRANCE,THE BLACK KNIGHT,L.E.D.,-,5,10,11,6,10,12,18,1
550,TRANCE,THE DOOR INTO RAINBOW,L.E.D.,-,4,8,10,4,9,11,18,1
551,GOTH NU-STYLE GABBA,THE FALLEN,L.E.D.-G,-,5,8,11,5,9,11,18,1
552,VACATION DANCE,Tropical April,Risk Junk,-,8,10,11,6,9,11,18,1
553,PSYCHE FUSION,Vermillion,Mystic Moon,-,5,7,10,5,8,10,18,1
554,TECH-BREAKBEATS,Watch Out Pt.2,DJ Mass MAD Izm* VS. DJ Yoshitaka,-,6,9,12,6,9,11,18,1
555,SURF&DUB,WE LOVE SHONAN,Studio Bongo Mango feat. Likkle Mai,-,4,9,10,4,8,11,18,1
556,CANDY RAVE,Wuv U,kors k,-,3,8,10,7,9,11,18,1
557,DANCE POP,XANADU OF TWO,T.Kakuta With Starving Trancer + 森永真由美,-,5,8,10,5,8,10,18,1
558,NATSU MATSURI,かげぬい ～ Ver.BENIBOTAN ～,CULTVOICE by S.S.D.PRODUCTS,-,5,7,9,5,7,10,18,1
559,J-HAPPY HARDCORE,ヒマワリ,小坂りゆ,-,3,9,10,4,8,9,18,1
560,HAPPY HARDCORE,中華急行,Ryu☆,-,2,8,10,5,8,10,18,1
561,ELECLORE,旅人リラン,XOGO BRYKK,-,6,9,11,6,10,12,18,1
562,BROKEN SAMBA BREAK,灼熱Beach Side Bunny,DJ Mass MAD Izm*,-,7,10,12,6,10,12,18,1
563,撫子メタル,黒髪乱れし修羅となりて,村正クオリア,-,4,9,12,5,10,12,18,1
564,DRUM'N'BASS,Far east nightbird,猫叉Master,2,3,7,9,4,8,10,19,1
565,HAPPY HARDCORE,I'm so Happy,Ryu☆,2,3,8,11,5,9,11,19,1
566,ELECTRIC POMP,Snow Goose,Mutsuhiko Izumi,2,3,8,11,4,9,11,19,1
567,EURO RAVE,24th Century BOY,Tatsh,-,5,9,11,5,9,11,19,1
568,HARDCORE,532nm,Ryu☆,-,3,7,11,4,7,11,19,1
569,TECHNO,Almace,Qrispy Joybox,-,4,8,10,4,8,11,19,1
570,DANCE POP,ANAGRAMS I to Y,Mayumi Morinaga,-,4,7,9,4,8,9,19,1
571,TECH-BREAKBEATS,BLACK.by X-Cross Fade,DJ Mass MAD Izm*,-,6,10,12,6,10,12,19,1
572,WORLD/ELECTRONICA,CALL,猫叉Master,-,2,5,8,2,8,8,19,1
573,DANCE SPEED,Castle on the Moon,青龍,-,4,9,11,4,9,11,19,1
574,SPEED POP,Change the World,Tatsh feat.小田ユウ,-,5,7,9,6,9,10,19,1
575,TRANSCENDENTAL ETUDES,DIAVOLO,度胸兄弟,-,6,9,12,7,10,12,19,1
576,AKIBA RAVE,Drive Me Crazy,kors k feat. 古川未鈴,-,4,7,10,4,7,10,19,1
577,J-CORE,Express Emotion,REDALiCE feat. Shihori,-,4,6,10,4,6,9,19,1
578,RENAISSANCE,F,D.J.Amuro,-,5,10,12,5,10,12,19,1
579,HARD Pf,ƒƒƒƒƒ,Five Hammer,-,4,10,12,5,10,12,19,1
580,CANDY HANDZ UP,Flip Flap,kors k,-,3,7,10,3,7,10,19,1
581,J-DANCE POP,Follow Tomorrow,HHH×MM×ST,-,4,8,10,4,8,10,19,1
582,ECCENTRIC,HAERETICUS,D.J.Amuro Vs MAX MAXIMIZER,-,5,10,12,5,10,12,19,1
583,PROGRESSIVE ROCK,In the Blackest Den,Bulluvegola,-,5,8,11,5,8,11,19,1
584,DRUM'N'BASS,Infinite cave,猫叉Master+,-,6,9,10,8,10,12,19,1
585,LOUD TECH,LAX5 feat.Ryota Yoshinari,Katana Sounds,-,6,9,10,6,9,10,19,1
586,PLATINUM J-POP ONE,LETHEBOLG ～双神威に斬り咲けり～,TЁЯRA,-,5,8,10,5,8,10,19,1
587,ELECTRO,Liquid Crystal Girl feat.echo,kmp,-,2,6,9,2,6,9,19,1
588,DRUM'N'BASS,LOVE B.B.B,SWAN K feat. Asuka.M,-,4,8,10,4,8,10,19,1
589,DREAM TRANCE,Lucky Days,Sota Fujimori feat. Kanako Hoshino,-,4,8,10,4,8,10,19,1
590,EUROBEAT,Mermaid girl-秋葉工房 MIX-,Remixed by DJ Command,-,4,6,9,4,7,9,19,1
591,80's ELECTRO HOUSE,Miami Sunset Drive,Dirty Androids,-,4,6,9,4,7,10,19,1
592,ELECTRO GOTHIC,NNRT,Levaslater,-,6,10,12,6,10,12,19,1
593,HARD NRG,Phoenix,Hommarju,-,5,7,10,5,8,11,19,1
594,NU PROGRESSIVE,prompt,w×s ft.*spiLa*,-,5,8,11,5,8,11,19,1
595,TECHNO,QUANTUM TELEPORTATION,L.E.D.,-,7,10,11,7,10,12,19,1
596,HAPPY,quaver♪,Risk Junk,-,4,9,12,4,9,12,19,1
597,RAVE FUSION,Quick Silver,Mystic Moon,-,5,9,11,5,9,11,19,1
598,TECH DANCE,Release The Music,kors k,-,4,7,10,4,7,10,19,1
599,MYSTERIOUS ROCK,RESISTANCE,セリカ,-,3,7,10,3,7,10,19,1
600,HYPER ELECTRO,Round and Round,Masayoshi Minoshima feat. 綾倉盟,-,3,6,9,3,6,10,19,1
601,ONLY ONE FINALE,SA.YO.NA.RA. SUPER STAR,SUPER STAR 満 -MITSURU-,-,4,8,10,5,9,11,19,1
602,HARD ROCK,Scharfrichter,Ashemu,-,5,9,11,6,9,11,19,1
603,VALIANT BEAT,Several Words,CAPACITY GATE,-,4,8,10,4,8,10,19,1
604,TECHNO,SHADE,DJ MURASAME vs. dj Killer,-,5,9,11,5,10,11,19,1
605,TECH-BREAKBEATS,Snake Stick,DJ Yoshitaka VS. DJ Mass MAD Izm*,-,6,10,12,6,10,12,19,1
606,TRANCE,Star Trail,Nhato,-,3,7,10,4,7,10,19,1
607,CYBER PUNK,The Limbo,STN,-,6,10,12,6,10,12,19,1
608,HARD TRANCE,The Sampling Paradise,Mamonis,-,5,9,12,5,10,12,19,1
609,RAVERS DANCE SPEED,Thunderbolt,雷龍,-,5,9,12,5,9,11,19,1
610,DRUMSTEP,TITANS RETURN,L.E.D.,-,4,8,11,4,8,11,19,1
611,SACRED TRANCE,Todestrieb,Rche,-,5,9,12,5,9,12,19,1
612,TECH DANCE,Voxane,Remo-con,-,3,7,9,3,7,9,19,1
613,HARD TRANCE,WONDER WALKER,L.E.D.,-,5,9,12,5,9,12,19,1
614,TERROR CORE,YAKSHA,Neulakyussra,-,6,10,12,6,11,12,19,1
615,TEK-TRANCE,yellow head joe,S-C-U,-,4,8,10,4,9,12,19,1
616,DRUM'N'BASS,Yellow Sunrise,xac,-,4,7,10,4,8,11,19,1
617,HAPPY HARDCORE,ビューティフル レシート,Lucky Vacuum,-,3,8,10,4,9,11,19,1
618,SYMPHONIC-TEK,ユミル,MYTHOLOGIA by MLREC.,-,3,7,11,5,8,11,19,1
619,トレンディーフュージョン,君のハートにロックオン,Dr.Honda,-,4,9,11,4,8,12,19,1
620,ANTHEM,天空の夜明け,Cuvelia,-,7,10,12,7,11,12,19,1
621,PROGRESSIVE,子供の落書き帳,佐々木博史,-,6,10,12,7,10,12,19,1
622,Hi-BLEEP,恋する☆宇宙戦争っ!!,Prim,-,5,8,12,4,8,12,19,1
623,電波,突撃！ガラスのニーソ姫！,山本椛 (monotone),-,4,7,10,4,8,10,19,1
624,BATTLE TRACK,聖人の塔,Beridzebeth,-,6,10,12,6,10,12,19,1
625,ORIENTAL MYTHOLOGY,蛇神,Zektbach,-,4,8,11,4,8,11,19,1
626,NEO CLASSICAL DANCE,衰色小町メランコリア,iNO,-,4,7,10,4,7,10,19,1
627,POP,陽炎,星野奏子,-,3,6,9,3,6,10,19,1
628,LOUNGE POP,connective,猫叉Master feat. *spiLa*,1,2,6,8,2,6,8,20,1
629,ELECTRO POP,Shining World,DJ Genki feat. Yukacco,1,6,8,9,4,7,9,20,1
630,TRANCE CORE,FLOWER,DJ YOSHITAKA,2,6,9,11,6,9,12,20,1
631,Hi-CORE,†渚の小悪魔ラヴリィ～レイディオ† (IIDX EDIT),夏色ビキニのPrim,-,3,9,12,3,9,12,20,1
632,HARDCORE,405nm (Ryu☆mix),Another Infinity,-,5,9,11,5,9,11,20,1
633,CHIPTUNE,8bit Princess,seiya-murai feat. ALT,-,3,6,10,3,6,10,20,1
634,ELECTRO POP,Ascalon,Qrispy Joybox,-,5,8,10,6,9,11,20,1
635,SPEEDCORE,Beastie Starter,GUHROOVY,-,3,7,11,3,7,11,20,1
636,HARD DANCE,BLUE STRAGGLER,L.E.D.,-,4,7,10,4,8,10,20,1
637,SPACY TRANCE,BRAVE GLOW,SOUND HOLIC feat. Nana Takahashi,-,4,8,10,4,8,10,20,1
638,HARD REVOLUTION,CONCEPTUAL,Sota Fujimori 2nd Season,-,5,7,11,5,8,11,20,1
639,HARD ELECTRIC POP,Confiserie,L.E.D. vs S-C-U,-,5,10,12,5,10,12,20,1
640,BREAK CORE,Cookie Bouquets,L.E.D. vs TOMOSUKE fw.crimm,-,5,9,11,7,10,11,20,1
641,DARK PROGRESSIVE,DAY DREAM,Mutsuhiko Izumi,-,5,10,12,6,10,12,20,1
642,SYMPHONIC BREAK BEATS,Devilz Staircase,OSTER project,-,3,10,12,4,10,12,20,1
643,HARD RENAISSANCE,Elemental Creation,dj TAKA meets DJ YOSHITAKA,-,7,10,12,8,10,12,20,1
644,VACATION DANCE,examination leave,dj razzle dazzle,-,6,9,11,6,10,11,20,1
645,HANDZ UP,Fly you to the star,Another Infinity feat. Mayumi Morinaga,-,4,8,10,4,8,11,20,1
646,SPEED DANCE,GAIA,猫叉L.E.D.Master+,-,5,10,12,5,10,12,20,1
647,KONAMI REMIX,GRADIUS 2012,Sota Fujimori,-,5,8,10,5,8,10,20,1
648,DRUM'N'BASS,Hollywood Galaxy,dj TAKA,-,5,10,12,6,9,12,20,1
649,NU RAVE,Howling,PON,-,4,7,9,4,7,10,20,1
650,NEW 80'S,I know You know,Suke+Suke feat.Ribbon,-,3,6,9,3,6,9,20,1
651,HYPER ELECTRO,ILIAS,Masayoshi Minoshima feat.坂上なち,-,4,7,10,4,8,10,20,1
652,ORBITALIC CORE,Illegal Function Call,U1-ASAMi,-,5,9,11,5,9,11,20,1
653,HEAVENLY TRANCE,In Heaven,Sota Fujimori,-,4,7,9,5,7,9,20,1
654,HARD RENAISSANCE,JOMANDA,DJ YOSHITAKA,-,6,10,12,6,10,12,20,1
655,TRANCE,Liberation,dj TAKA,-,6,9,12,6,10,12,20,1
656,HAPPY HARDCORE,Light and Cyber･･･,Tatsh,-,5,9,11,5,9,11,20,1
657,J-CORE,Little Star,REDALiCE feat.Ayumi Nomiya,-,5,8,12,5,8,12,20,1
658,NEO 80's EURO ELECTRO,LUV CAN SAVE U,HIDEKI NAGANUMA,-,3,7,9,3,6,10,20,1
659,JAZZ HOUSE,mnemoniq,youhei shimizu,-,4,5,8,5,8,9,20,1
660,TECH DANCE,Neonlights,DJ Noriken,-,4,8,10,4,10,11,20,1
661,NIENTE,neu,少年ラジオ,-,6,10,12,6,10,12,20,1
662,SPEED DANCE CORE,New Decade IIDX Edition,Sota F.,-,5,9,11,5,9,11,20,1
663,HARDCORE,New Lights,kors k,-,6,9,10,6,9,10,20,1
664,HAPPY GABBA,Plan 8,Ryu☆,-,6,10,12,6,10,12,20,1
665,ELECTRIC POP,planarian,S-C-U,-,4,8,10,4,8,11,20,1
666,DRUM'N'BASS,POINT ZERO,猫叉Master+,-,4,7,10,4,7,10,20,1
667,CLASSICAL PIANO,Präludium,Yuko Takahashi,-,4,8,10,4,8,11,20,1
668,HARD ELECTRONICA,Proof of the existence,猫叉Master+,-,6,10,12,6,10,12,20,1
669,DRUM'N'BASS,Rainbow after snow,猫叉Master feat.林ももこ,-,3,7,10,5,8,10,20,1
670,EMOTIONAL SENTENCE,Re:GENERATION,TAG feat.ERi,-,5,8,10,5,8,11,20,1
671,LOUNGECORE,rumrum triplets,yu_tokiwa.djw,-,5,10,11,5,10,12,20,1
672,DRUMSTEP,S!ck,Eagle,-,5,8,11,5,9,11,20,1
673,PROGRESSIVE TRIBAL,Saturn,Mr.Saturn,-,7,10,11,6,10,11,20,1
674,HI-SPEED FANTASY TUNE,SHION,DJ YOSHITAKA,-,4,7,10,4,7,11,20,1
675,FREEFORM HARDCORE,Sol Cosine Job 2,DJ TECHNORCH,-,6,9,12,6,11,12,20,1
676,GRAVIOL,STULTI,MAX MAXIMIZER VS DJ TOTTO,-,5,10,12,5,10,12,20,1
677,LATIN EURO,SYNC-ANTHEM,Tatsh feat. 星野奏子,-,5,10,12,6,10,12,20,1
678,ORBITALIC REVOLUTION,Synergy For Angels,TAG×U1-ASAMi,-,4,8,11,4,8,11,20,1
679,EUROBEAT,Take My Life,Y&Co.,-,5,8,11,5,9,11,20,1
680,TRANSCENDENTAL ETUDES,Thor's Hammer,ユニバーサル度胸兄弟,-,5,10,12,5,10,12,20,1
681,TRANCE,Time to Empress,dj TAKA feat. wac & secret K,-,4,9,10,7,9,11,20,1
682,PROGRESSIVE ROCK,Timepiece phase II,佐々木博史,-,5,10,12,6,11,12,20,1
683,PROGRESSIVE ROCK,Timepiece phase II (CN Ver.),佐々木博史,-,6,10,12,6,11,12,20,1
684,STARPOP,To my star,星野奏子,-,3,6,9,3,7,9,20,1
685,ESSENTIALLY,True Blue,dj TAKA feat. AiMEE,-,5,10,12,5,10,12,20,1
686,ART CORE,Valanga,DJ TOTTO,-,7,10,12,6,10,12,20,1
687,TRANCE CORE,VALLIS-NERIA,DJ YOSHITAKA,-,6,10,11,7,10,11,20,1
688,UNIVERSAL J-CORE,VEGA,REDALiCE,-,5,9,11,5,9,11,20,1
689,DESERT ALTERNATIVE EDGE,YELLOW FROG from Steel Chronicle,劇団レコード,-,3,7,9,4,6,10,20,1
690,DUB STEP,ZED,USAO,-,5,8,11,5,8,11,20,1
691,SPACE REQUIEM,Zirkfied,iconoclasm,-,5,10,12,5,10,12,20,1
692,ROMANTIC SCHOOL VARIATIONS,ΕΛΠΙΣ,dj TAKA,-,6,10,12,6,10,12,20,1
693,ZODIAC ORACLE 7,アストライアの双皿,ZODIACSYNDICATE,-,4,9,12,5,9,12,20,1
694,RICE METAL,お米の美味しい炊き方、そしてお米を食べることによるその効果。,大日本鉄倶楽部 【あさき&96】,-,5,8,10,5,9,10,20,1
695,電波,カジノファイヤーことみちゃん,ARM feat. 山本椛 + Brasscapsule,-,4,8,11,4,8,12,20,1
696,Hi-ν BLEEP,キャトられ♥恋はモ～モク,ギュ～っとしたい♥Prim,-,6,10,12,6,10,12,20,1
697,TOY CONTEMPORARY,シュレーディンガーの猫,Cait Sith,-,6,10,12,7,10,12,20,1
698,PROGRESSIVE,たまゆら,佐々木博史,-,7,10,12,6,10,12,20,1
699,歌謡 DRUM & BASS,トリカゴノ鳳凰,L.E.D. Vs. 幽閉サテライト,-,6,9,12,6,9,12,20,1
700,CYBER SYMPHONIC POP,メイメツ、フラグメンツ,中山真斗(Elements Garden) feat.桜川めぐ,-,4,8,10,4,7,11,20,1
701,LUCKY TECHNO,ラキラキ,Mutsuhiko Izumi & S-C-U,-,4,8,10,4,8,10,20,1
702,NEO CLASSICAL DANCE,下弦の月,iNO,-,5,7,9,5,7,9,20,1
703,TECHNO,仮想空間の旅人たち,DJ MURASAME,-,5,9,11,5,8,11,20,1
704,CREATOR,創世ノート,PON+wac,-,4,9,11,4,9,11,20,1
705,AKIBA-POP,即席! 脳直★ミュージックシステム,MOSAIC.WAV,-,6,10,12,6,9,12,20,1
706,FASCINATION,朧,HHH×MM×ST,-,4,7,10,4,7,10,20,1
707,想歌 梅,梅雪夜,Qrispy Joybox feat. mao,-,5,7,10,5,8,10,20,1
708,Hi-GOTH,狂イ咲ケ焔ノ華,覚醒ノPrim,-,6,10,12,6,10,12,20,1
709,SILENT,音楽,弁士カンタビレオ,-,5,10,12,5,10,12,20,1
710,EPIC TECHNO,龍と少女とデコヒーレンス,黒猫ダンジョン,-,5,8,11,5,9,11,20,1
711,ARTCORE,Adularia,DJ TOTTO,1,6,10,12,6,10,12,21,1
712,NEUTRONIKA,Atröpøs,sasakure.UK,1,6,8,11,5,9,11,21,1
713,DANCE SPEED,Critical Crystal,青龍,1,6,9,11,6,9,11,21,1
714,DARK ELEMENT,DARK LEGACY,BaSTeT,1,6,9,12,6,9,12,21,1
715,HARDCORE RAVE,Overload Frontier,DJ Shimamura,1,5,8,11,6,9,11,21,1
716,ASTRAL HARDCORE,ÆTHER,TAG underground,-,5,8,11,5,8,11,21,1
717,HYPER GOTHIC BEAT,ALBA -黎明-,SOUND HOLIC feat. Nana Takahashi,-,5,8,11,4,8,11,21,1
718,DYNASTIC FREEFORM,Ancient Scapes,Durandal,-,6,10,12,6,9,12,21,1
719,RAVERS DANCE SPEED,BLUE DRAGON(雷龍Remix IIDX),青龍,-,7,10,12,7,10,11,21,1
720,TRANCECORE MEETS GABBA,BRAINSTORM,Hardcore United Tokyo(teranoid & DJ TECHNORCH),-,4,10,11,6,10,12,21,1
721,ELECTRANCE,BRAVE OUT,nomico / DOWNFORCE,-,5,8,10,5,9,11,21,1
722,ILUZIO,Claiomh Solais,DJ YOSHITAKA VS S.S.D.,-,2,6,9,2,8,10,21,1
723,PHARAO BEAM STEP,Cleopatrysm,ピラミッ℃,-,4,8,11,4,9,11,21,1
724,J-CORE,Close the World feat.a☆ru,天叢雲剣,-,5,10,12,5,9,12,21,1
725,MASSIVE DANCE SPEED,Dark Fall,黒龍,-,5,8,11,5,9,11,21,1
726,SYMPHONIC BREAK BEATS,Devilz Sacrifice -贖罪の羊-,OSTER project,-,4,9,11,6,9,11,21,1
727,GLITCH HOP,diagram,Expander,-,3,7,11,4,7,11,21,1
728,UK HARDCORE,Elektrick U-Phoria,DJ Noriken,-,6,9,11,5,8,12,21,1
729,HEALING POP,Element of SPADA,猫叉Master feat.霜月はるか,-,3,7,9,3,5,9,21,1
730,HAPPY SAD CORE,Engraved Mark,Ryu☆ ∞ Des-ROW,-,4,8,11,4,8,11,21,1
731,TECHNO,EXTREME MACH COLLIDER,L.E.D.,-,5,8,11,5,9,10,21,1
732,HARDCORE RAVE,Feel The Beat,Falsion,-,7,10,12,6,9,11,21,1
733,JAG GLITCH,Funny shuffle,猫叉Master+,-,3,6,11,4,7,11,21,1
734,BIG BEAT,HYENA,Hommarju,-,6,9,11,5,8,11,21,1
735,DRUM&BASS,Hypersonik,Eagle,-,5,8,10,5,8,11,21,1
736,ONLY ONE MOMENT,I will be back -オレは帰ってきた-,SUPER STAR 満-MITSURU-,-,6,9,11,6,10,12,21,1
737,REPLICANT CORE,Idola,iconoclasm feat.GUMI,-,6,10,12,6,10,12,21,1
738,J-CORE,Immortal,DJ NAGAI,-,5,9,12,6,10,12,21,1
739,Hi-TECH FULL ON,Insane Techniques,kors k,-,4,7,10,4,8,10,21,1
740,FUNKOT,INSOMNIA,ジャカルタファンクブラザーズ,-,4,8,12,4,8,12,21,1
741,SYMPHONIC BREAKS,into the battlefield,the wandering bard,-,4,8,10,5,7,10,21,1
742,TRIBE CORE,invoker,Caladborg,-,5,9,12,6,10,12,21,1
743,BLOOD METAL,IX,dj TAKA VS DJ TOTTO feat.藍,-,6,11,12,6,11,12,21,1
744,HEAVY METAL,KAISER PHOENIX,96,-,7,10,12,6,10,11,21,1
745,PROGRESSIVE GOSPEL,KHAMEN BREAK,くふおー,-,3,7,11,3,8,11,21,1
746,DRUM'N'BASS,LA FESTA LA VITA!!,GUHROOVY,-,5,9,11,5,9,11,21,1
747,HARD STACC,Last Dance,dj TAKA,-,6,10,12,6,10,12,21,1
748,TRANCE POP,Lighting Shower,TAG,-,4,7,11,4,7,11,21,1
749,PIECED DOWNBEAT,M.D.Injection,Project B-,-,3,6,10,5,8,11,21,1
750,TOKYO STYLE SPEEDCORE,m1dy Deluxe,m1dy,-,6,9,11,6,9,11,21,1
751,UPBEAT,MAD ATTACK,HALFBY,-,3,6,9,3,6,10,21,1
752,HAPPY CORE,MAGIC & LOVE,DJ Genki feat. Yukacco,-,5,9,11,4,8,11,21,1
753,FRENCHCORE,Miracle 5ympho X,USAO,-,5,8,10,6,9,11,21,1
754,ELECTRO POP,NPC World,PON,-,5,8,10,5,9,10,21,1
755,GABBER,Odin,Noizenecio,-,4,7,10,5,7,10,21,1
756,ANCIENT CIVILIZATION,Pharaoh,劇団レコード,-,3,8,11,3,8,9,21,1
757,VARIANT RAVE,PUNISHER,TAG×PON,-,5,9,12,5,9,12,21,1
758,RAVERS DANCE SPEED,ra'am,雷龍,-,7,10,12,7,10,12,21,1
759,BRIGHTNESS,rainbow guitar weeps,dj TAKA,-,5,9,11,6,9,12,21,1
760,POPS,Recollection,Noria,-,5,7,9,6,7,8,21,1
761,PSYCHEDELIC TRANCE,refractive index,Sota Fujimori,-,3,7,11,4,7,10,21,1
762,DRUMSTEP,RISE,Dirty Androids,-,5,8,10,5,8,10,21,1
763,HAPPY HARDCORE,RIZING YOU UP,Ryu☆,-,6,9,10,8,10,12,21,1
764,FULL ON,SCHWARZSCHILD FIELD,L.E.D.,-,6,9,11,7,9,11,21,1
765,REQUIEM PSY,Sigmund,Gram,-,7,10,12,7,10,12,21,1
766,WITHOUT YOU TONIGHT -VI-,Squeeze,VENUS feat. Mutsuhiko Izumi,-,5,8,11,5,8,11,21,1
767,NU STYLE GABBA,THE DETONATOR,teranoid vs. L.E.D.-G,-,7,10,11,8,9,10,21,1
768,BREAKBEATS TRANCE,Unicorn tail,DJ YOSHITAKA,-,5,9,11,4,9,12,21,1
769,MAINSTREAM HARDCORE,Valgus,DJ Myosuke feat.Yukacco,-,4,7,11,4,7,10,21,1
770,HARD NRG,Verflucht,Tyrfing,-,6,10,12,7,10,12,21,1
771,ROTTERDAM TECHNO,VOX UP,sampling masters MEGA vs. 青龍,-,8,11,12,7,11,12,21,1
772,EUROBEAT,Wonder Girl feat. Kanae Asaba,Y&Co.,-,4,6,11,5,7,10,21,1
773,BLOOM FUSION,アルストロメリア,TAG,-,5,8,10,5,8,10,21,1
774,CYBER SYMPHONIC POP,お願いアインシュタイン,中山真斗 feat. 桜川めぐ,-,5,8,10,5,8,10,21,1
775,ELECTRIC MANOUSH SWING,デッドボヲルdeホームラン,猫叉Masterβ2,-,3,9,11,4,9,11,21,1
776,J-SPEEDMETAL,バンブーソード・ガール,cosMo＠暴走P,-,5,9,11,5,10,12,21,1
777,J-POP,幻想系世界修復少女,Last Note.,-,4,7,10,4,7,11,21,1
778,新世紀進歩的羽扇子音楽,廿,DJ TECHNORCH,-,5,8,10,5,8,10,21,1
779,JUVENILE DRUM & BASS,旋律のドグマ～Misérables～,楓璃夢=ジークフリード=ファイエルローゼン,-,6,10,12,6,10,12,21,1
780,HYDRO CORE,海神,兎々,-,7,10,12,7,10,12,21,1
781,HARD SYMPHONIC,煉獄のエルフェリア,猫叉Master+,-,7,10,12,7,10,12,21,1
782,ZODIAC ORACLE X,牧神笛吹きて,楽士ゾディアック,-,4,8,11,4,8,11,21,1
783,ORIENTAL CORE,疾風迅雷,KUMOKIRI,-,6,10,12,6,10,12,21,1
784,HYPER J-POP,罪と罰,Xceon feat. Mayumi Morinaga,-,5,7,10,6,8,10,21,1
785,乙女EDM,超!!遠距離らぶ♡メ～ル,ななひら,-,3,7,10,4,7,11,21,1
786,ベースボールヒロイン,轟け！恋のビーンボール！！,ダイナミック野球兄弟 v.s. クロスファイヤーPrim,-,6,10,12,6,10,12,21,1
787,DUBCORE,#The_Relentless,DJ Noriken,-,6,9,11,5,9,11,22,1
788,AFRO-SAMBA,AFRO KNUCKLE,猫叉Master+,-,5,8,11,5,9,11,22,1
789,ART CORE,Amnolys,onoken,-,5,9,11,6,9,11,22,1
790,NEO CLASSICAL DANCE,Beat Radiance,iNO,-,5,8,10,5,8,10,22,1
791,WORLD/ELECTRONICA,Beyond The Earth,猫叉Master,-,5,10,11,6,9,10,22,1
792,HARDCORE RAVE,Blaze it UP!,DJ Shimamura,-,5,8,11,5,8,11,22,1
793,NU STYLE GABBA,BLUE MIRAGE,DJ CHUCKY,-,5,10,12,5,9,11,22,1
794,DUAL ANTIQUE,Broken Sword,金獅子 VS 麒麟,-,7,10,12,6,9,12,22,1
795,FULL ON,Chain of pain,kors k VS 猫叉Master+,-,4,8,10,7,9,11,22,1
796,HEALING DRUM'N'BASS,chrono diver -fragment-,猫叉Master feat.三澤秋,-,3,6,9,3,6,9,22,1
797,CYBER DRUM & BASS,CHRONO DIVER -NORNIR-,L.E.D.,-,5,9,11,5,9,11,22,1
798,CHRONO BREAKS,Chrono Diver -PENDULUMs-,猫叉L.E.D.Master+,-,7,11,12,7,11,12,22,1
799,PROGRESSIVE,Chronos,TAG,-,5,8,11,5,9,11,22,1
800,MAELSTROM,cinder,PHQUASE,-,5,9,12,5,9,12,22,1
801,LOST GROUND,COLOSSEUM,劇団レコード,-,4,7,11,4,8,10,22,1
802,FUTURE BASS,Cosmic Cat,8bit Moonside,-,6,9,11,6,8,11,22,1
803,HARD IRISH SYMPHONIC,Despair of ELFERIA,猫叉Master,-,7,10,12,7,10,12,22,1
804,Hi-TECH PSYTRANCE,Discloze,lapix,-,6,9,11,6,9,11,22,1
805,RAGTIME CHIPTUNE,EBONY & IVORY,OSTER project,-,6,9,12,6,9,12,22,1
806,SACRED TRANCE,entelecheia,Rche,-,6,10,12,7,10,12,22,1
807,FALLIN APART CORE,Erosion Mark,kors k REASM Des-ROW,-,4,8,11,4,8,11,22,1
808,WORLD/ELECTRONICA,fallen leaves -IIDX edition-,猫叉Master,-,6,10,12,6,9,12,22,1
809,DUB COMEDY,FANTASTIC THREE,ジャカルタファンクブラザーズ,-,7,10,12,7,10,12,22,1
810,DRUM'N'BASS,Flashes,Dollscythe,-,6,9,12,6,9,12,22,1
811,PROGRESSIVE SCHRANZ,Gravigazer,DJ TOTTO,-,5,10,12,5,9,12,22,1
812,TECHNO,GUILTY,D.J.SETUP,-,5,8,10,5,9,11,22,1
813,GABBAH,HELL SCAPER -Last Escape Remix-,Remixed by DJ TECHNORCH fw. GUHROOVY,-,5,8,11,6,9,11,22,1
814,HAPPY HARDCORE,Hello Happiness,P*Light feat. mow*2,-,5,9,11,5,8,11,22,1
815,SYNTHETIC EDM,illuminate,Sota Fujimori,-,3,8,10,3,8,11,22,1
816,GOA TRANCE,IMPLANTATION,TOMOSUKE,-,5,10,12,5,9,11,22,1
817,HYBRID,In The Breeze,96 & Sota ft. Mayumi Morinaga,-,4,7,9,5,8,10,22,1
818,HOLIC,Invitation from Mr.C,C-Show,-,6,9,12,7,9,12,22,1
819,PSYCHEDELIC TRANCE,IXION,L.E.D.,-,5,8,9,5,8,11,22,1
820,ELECTRO TECH,Line 4 Ruin,Ryu☆,-,4,9,11,6,9,11,22,1
821,TOKYO STYLE SPEEDCORE,m1dy Festival,m1dy,-,5,8,11,5,8,10,22,1
822,ARTCORE ROCK,Monopole.,cosMo@暴走P,-,4,8,12,5,8,11,22,1
823,MAINSTREAM HARDCORE,NEO GENERATOR SEVEN,L.E.D.-G,-,5,10,12,6,10,11,22,1
824,PUMPCORE,Night sky,USAO,-,6,9,11,6,9,12,22,1
825,HARD EDM,No Tears,RoughSketch feat.Aikapin,-,6,9,11,6,9,10,22,1
826,HARDSTYLE,On My Wings (Hardstyle IIDX),kors k,-,5,7,10,5,7,10,22,1
827,SYSTEM BGM,PENDUAL TALISMAN,猫叉L.E.D.Master,-,5,8,11,4,8,11,22,1
828,HARD DANCE,Rave Saves You feat. Cardz (Exclusive IIDX Mix),Remo-con,-,4,8,10,4,8,10,22,1
829,EDM SPEED,Rave*it!! Rave*it!!,機龍,-,6,9,12,6,9,12,22,1
830,SOLITUDE,Realize Maze,movies (moimoi×Xceon×Dai.),-,6,9,11,6,9,11,22,1
831,TRANCESTEP,Reflux,Eagle,-,6,9,12,6,9,12,22,1
832,CHIPCORE,Sakura Mirage,Ryu☆,-,6,8,11,6,8,10,22,1
833,DIMENSION WAVE,SAMSARA,SOUND HOLIC feat. Nana Takahashi,-,4,7,10,4,7,10,22,1
834,EDM,Say YEEEAHH,kors k,-,6,9,12,6,10,12,22,1
835,J-CORE,Scarlet Moon,REDALiCE feat. Ayumi Nomiya,-,6,9,11,6,9,11,22,1
836,WORLD/ELECTRONICA,Scars of FAUNA,猫叉Master,-,5,8,11,5,8,11,22,1
837,MUSIC GAME TRADITIONAL,Shooting Fireball,dj TAKA,-,6,10,12,6,10,12,22,1
838,UK HARDCORE,Sounds Of Summer,Hommarju,-,6,10,12,6,9,12,22,1
839,RAGTIME FUTURE POP,SpaceLand☆TOYBOX,OSTER project,-,6,9,12,6,9,12,22,1
840,ELECTRO POP,Sweet Radar,DJ Genki feat. Yukacco,-,4,7,10,4,6,10,22,1
841,EPIC ELECTRONICA,Symmetry,猫叉Master,-,6,10,12,6,9,11,22,1
842,EUROBEAT,TA・DA ☆ YO・SHI,Y&Co.,-,5,8,10,5,8,10,22,1
843,PROGRESSIVE,The Least 100sec,Sasaki Hirofumi,-,5,9,12,6,9,12,22,1
844,DEEP SPECTRUM,TIEFSEE,SOUND HOLIC Vs. dj TAKA feat. YURiCa,-,6,9,12,6,9,12,22,1
845,MELODIC SPEED METAL,TOXIC VIBRATION,SOUND HOLIC Vs. T.Kakuta feat. YURiCa,-,7,10,12,7,10,12,22,1
846,GYPSYCORE,Vulkan,Hommarju,-,5,9,11,5,9,11,22,1
847,HAPPY HARDCORE,We're so Happy (P*Light Remix) IIDX ver.,Remixed by P*Light,-,6,10,12,6,10,12,22,1
848,新世紀進歩的羽扇子音楽,Ｘ↑Ｘ↓,DJ TECHNORCH,-,5,8,11,5,9,12,22,1
849,INTELLIGENCE,ZZ,D.J.Amuro,-,6,10,12,6,10,12,22,1
850,Hi-歌謡コア,それは花火のような恋,夏色バーニングラブ☆Prim,-,6,10,12,7,10,12,22,1
851,ドタバタ☆夏休み,ドッキン☆サマーあばんちゅーる,L.E.D.-G + Qrispy Joybox + ARM feat. ななひら,-,5,8,11,6,9,11,22,1
852,TROPICAL,とろぴかる倶楽部,HALFBY,-,5,8,11,6,9,11,22,1
853,電波ソング,パ→ピ→プ→Yeah!,ヒゲドライバー join. shully & Nimo,-,6,9,11,6,9,11,22,1
854,ぷろぐれっしぶ電波,ぷろぐれっしぶ時空少女！うらしまたろ子ちゃん！,ARM(IOSYS) feat. 山本椛,-,5,7,11,4,7,10,22,1
855,A-STYLE DRUMSTEP,ベィスドロップ・フリークス,かめりあ feat. ななひら,-,4,7,10,4,7,11,22,1
856,きらめきコア,もっと！モット！ときめき feat. 松下,シャイニング度胸兄弟,-,6,9,11,6,9,11,22,1
857,OLDSTYLE GAMEMUSIC,リリーゼと炎龍レーヴァテイン,黒猫ダンジョン,-,6,10,12,6,10,12,22,1
858,ASTRAL DRUM & BASS,共鳴遊戯の華,アイテール魔導士隊,-,7,10,12,7,10,12,22,1
859,HYPER J-POP,十六夜セツナ,Xceon feat.Mayumi Morinaga,-,5,7,10,6,8,10,22,1
860,WORLD/ELECTRONICA,千年ノ理,猫叉Master,-,6,9,12,6,9,12,22,1
861,HYPER J-POP,取り残された美術(Arranged:HiZuMi),幽閉サテライト feat. senya,-,5,8,10,5,8,10,22,1
862,HAPPY SUMMER CORE,夏色DIARY -L.E.D.-G STYLE MIX-,猫叉王子 feat.L.E.D.-G,-,6,10,12,6,10,12,22,1
863,DRUM'N'WALTZ,妖隠し -あやかしかくし-,DJ TOTTO feat.3L,-,5,9,10,6,8,11,22,1
864,ムラクモ,少年は空を辿る,Power Of Nature,-,6,10,12,7,10,12,22,1
865,KANA-POP,恋は白帯、サンシロー,星野奏子,-,3,6,9,4,6,9,22,1
866,JAPANESE TRADITIONAL,打打打打打打打打打打,ヒゲドライバー join. SELEN,-,5,8,11,5,9,11,22,1
867,TIME TRIP JAZZ,時空トラベローグ,SWING HOLIC feat. A～YA,-,6,9,11,6,9,11,22,1
868,ORIENTAL CORE,疾風迅雷,KUMOKIRI,-,6,10,12,6,10,12,22,1
869,想歌 風,白露の風,Qrispy Joybox feat. 常盤ゆう,-,2,6,9,2,6,9,22,1
870,J-CORE,紅牡丹,DJ NAGAI feat. a☆ru,-,6,9,12,6,9,12,22,1
871,Hi-FUNK BREAKS,表裏一体！？怪盗いいんちょの悩み♥,◇◆謎の怪盗少女ぷらずま☆彡Prim◇◆,-,6,10,12,6,10,12,22,1
872,PIECED EUPHORIA,超青少年ノ為ノ超多幸ナ超古典的超舞曲,Project B-,-,6,9,11,6,8,12,22,1
873,ASURA TEK CORE,鬼天,兎々,-,6,9,11,6,10,12,22,1
874,TECH BREAKBEATS,199024club -Re:BounceKiller-,DJ Mass MAD Izm*,-,5,10,12,5,10,12,23,1
875,HARD DANCE,Acid Pumper,ni-21,-,4,9,11,5,9,11,23,1
876,HAPPY で HARDCORE,Angelic Jelly,t+pazolite,-,6,9,11,6,9,11,23,1
877,DANCE EXPRESS,AO-1,電龍,-,7,10,12,7,10,12,23,1
878,UPLIFTING TRANCE,Arcana,Maozon,-,6,8,10,6,8,10,23,1
879,POST J-TRADITIONAL,Aublia,onoken feat. ALIAKE,-,5,8,11,5,8,11,23,1
880,HARD DANCE,Battle Train -IIDX Edition-,Sota Fujimori,-,4,10,11,6,9,12,23,1
881,DREAM CORE,Blue Spring Express,DJ Scratch & Bend,-,7,10,12,6,10,12,23,1
882,FUTURE BASS,Central Station,Recycle,-,5,8,10,4,8,10,23,1
883,HARD STEP,chaos eater -IIDX edition-,猫叉Master+,-,5,9,11,7,9,12,23,1
884,TECHNO,CODE:1 [revision1.0.1],HEXA,-,5,9,12,5,9,12,23,1
885,ラッキーハードコア,Daily Lunch Special,Lucky Vacuum,-,6,9,11,6,9,11,23,1
886,CYBER DRUMSTEP,Damage Per Second,Maozon,-,4,7,9,4,7,10,23,1
887,HARD DANCE,Derelict Star feat. Ryu*,Remo-con,-,6,9,11,6,9,11,23,1
888,MAINSTREAM HARDCORE,Devil's Gear,DJ Myosuke,-,6,10,12,6,10,12,23,1
889,HARD ELECTRIC POP,DIAMOND CROSSING,S-C-U vs L.E.D.,-,7,10,12,7,10,12,23,1
890,EDM,do the thing feat. Kanae Asaba,MK,-,4,8,10,5,8,10,23,1
891,DONK,Donkey Donk,Ryu☆,-,6,9,10,6,9,11,23,1
892,HYBRID TWERK,Dynamite,USAO,-,7,10,12,7,10,12,23,1
893,J-DANCE POP,Everlasting Last,HHH×MM×ST,-,4,8,10,5,8,10,23,1
894,FUTURE JERSEY,Exchange Place,Dirty Androids,-,4,7,9,4,7,9,23,1
895,ELECTRONIC DANCE,GENERATE feat.綾倉盟,Masayoshi Minoshima,-,5,8,10,5,8,10,23,1
896,HARDCORE RAVE,GET READY!!,DJ Shimamura,-,6,9,11,6,9,12,23,1
897,GAMER'S ELECTRO/COMPLEXTRO,Glitch Nerds,かめりあ,-,5,8,10,5,9,11,23,1
898,TRAPSTYLE,Go Faraway,DJ Noriken feat. Yukacco,-,5,7,10,5,9,11,23,1
899,CANTERBURY&BEAT,GOBBLE,Kimitaka Matsumae,-,4,7,11,7,12,11,23,1
900,JOINT WORK,Godspeed,dj TAKA xxx 猫叉Master xxx L.E.D.,-,7,10,12,7,10,12,23,1
901,HARD ART CORE,Grand Chariot,xi,-,7,10,12,7,10,12,23,1
902,BEMANIZED DIGITAL ROCK,Highcharge Divolt,HuΣeR,-,6,10,12,6,10,12,23,1
903,HiTECH FULLON,Inner Spirit,lapix,-,5,9,11,5,8,11,23,1
904,WORLD/ELECTRONICA,Journey,猫叉Master,-,3,6,9,4,7,9,23,1
905,JUNGLE CLASSIC,Konzert V,Remo-con vs. dj TAKA,-,6,10,12,7,10,11,23,1
906,PRIMAVERA JAZZ WALTZ,La dolce primavera,OSTER project,-,4,8,10,5,8,11,23,1
907,HDM,M4K3 1T B0UNC3,kors k,-,7,10,12,7,10,12,23,1
908,HARDSTYLE,Musik LoverZ,RoughSketch,-,5,7,10,5,7,10,23,1
909,METAL POPS,NANAIRO,LIQU@。,-,5,9,10,5,9,10,23,1
910,SORROW STEP,Nightmare before oversleep,猫叉Master,-,7,10,12,7,10,12,23,1
911,SHINOBI SPEED,NINJA IS DEAD IIDX ver.,P*Light,-,6,9,12,6,9,12,23,1
912,ONLY ONE DANCE MUSIC,NO LIMIT -オレ達に限界は無い-,SUPER STAR 満-MITSURU- vs. 伝説のダンサー マイク,-,4,6,10,4,6,10,23,1
913,ELECTRO TRANCE,Nowhere,Nhato,-,4,8,10,5,9,11,23,1
914,END ROLL,NZM,The 4th,-,6,9,12,6,10,12,23,1
915,RADIO SHOWCASE,On the FM,C-Show,-,6,8,11,6,8,11,23,1
916,FRENCHCORE,Outbreak,USAO,-,6,9,11,6,9,11,23,1
917,HARDCORE,OUTER LIMITS ALTERNATIVE,L.E.D.-G,-,5,8,10,5,8,11,23,1
918,PSYCHIC FLASH,POSSESSION,TAG underground,-,7,10,12,7,10,12,23,1
919,J-TEKNO,quick master (reform version),youhei shimizu,-,1,3,5,1,5,6,23,1
920,TRANCE,refrain,dj TAKA feat.AiMEE,-,6,10,12,6,10,12,23,1
921,HARDCORE,Rock It,Hommarju,-,5,8,11,5,9,11,23,1
922,JAZZY-ELECTRO,Routing,かめりあ,-,6,9,11,7,9,11,23,1
923,CHAOTIC SPEEDCORE,SEITEN NO TERIYAKI,Kobaryo,-,4,7,11,4,7,11,23,1
924,TRANCE,Sephirot,SHIKI,-,5,8,10,5,8,10,23,1
925,HARD TRANCE,Set U Free feat. Kanae Asaba,Y&Co.,-,4,8,10,4,8,11,23,1
926,ROCKIN' DRUM&BASS,SHELTER OF THE MIND,YURiCa/花たん,-,6,9,11,6,9,11,23,1
927,DANCE SPEED GOLD,STARLiGHT,星龍,-,5,9,11,5,9,11,23,1
928,HAPPY EMOTION,STARLIGHT DANCEHALL,P*Light,-,6,9,11,7,9,11,23,1
929,FANTASY,StrayedCatz,削除,-,6,10,12,6,9,12,23,1
930,HARDCORE,Super Duper Racers,kors k & Numb'n'dub,-,4,8,10,5,8,10,23,1
931,GRAVITY POP,SURVIVOR,SOUND HOLIC Vs. ZYTOKINE feat. Nana Takahashi,-,4,7,9,5,7,10,23,1
932,WORLD/ELECTRONICA,Tori-no-kimochi,猫叉Master+,-,1,6,10,3,7,11,23,1
933,TECH-TRANCE,Transport,Sota Fujimori,-,5,7,10,5,7,10,23,1
934,RISK + VACUUM,Triple Counter,DJ YOSHITAKA meets dj TAKA,-,7,10,12,7,10,12,23,1
935,CANDY RAVE,Uh-Oh,kors k,-,5,8,10,6,9,10,23,1
936,GLITCH ELECTRO,Violet Pulse,G.K,-,2,8,10,2,8,10,23,1
937,LATIN JAZZ TRIO,Violet Rose,OSTER project,-,7,9,11,7,10,11,23,1
938,HARDCORE,Welcome,Uraken,-,4,10,11,7,9,11,23,1
939,RENAISSANCE,X,D.J.Amuro,-,7,10,12,7,10,12,23,1
940,BLOOM CORE,ZEPHYRANTHES,TAG,-,5,9,11,5,9,11,23,1
941,HYPER J-POP,オルタネイトβ,Xceon feat. Mayumi Morinaga,-,4,7,10,4,7,10,23,1
942,SUMMER WORKOUT,か・し・ま・し☆PUMP UP！,miko,-,6,9,11,6,9,11,23,1
943,Hi-RESORT電波,ギョギョっと人魚♨爆婚ブライダル,海の底からマーメイド♨Prim by ARM×狐夢想,-,4,8,10,4,8,10,23,1
944,KANA-POP,シュッパツシンコウ・シサカンコ,星野奏子,-,6,8,10,5,8,10,23,1
945,ORBITALICTRO,セロトニン,U1 overground,-,6,9,11,6,9,11,23,1
946,電波デステクノ,めいさいアイドル☆あいむちゃん♪,DJ SHARPNEL feat.みらい,-,7,10,12,6,10,12,23,1
947,空想ファンタジーシリーズ,少女アリスと箱庭幻想コンチェルト,DJ TOTTO,-,5,8,10,5,9,11,23,1
948,禅ジャズ,明鏡止水,TOMOSUKE feat. あさき,-,5,9,11,5,9,11,23,1
949,GLITCH JAZZ,星屑ディスタンシア,ARM feat.普透明度 + Brasscapsule,-,4,6,10,4,6,10,23,1
950,ARTCORE ROCK,朝焼けから始まるボクらの小さな旅,cosMo@暴走P,-,5,9,11,5,9,11,23,1
951,BROKEN SAMBA BREAK,灼熱Pt.2 Long Train Running,DJ Mass MAD Izm*,-,7,11,12,7,11,12,23,1
952,HARDSTYLE,炸裂！イェーガー電光チョップ！！ (JAEGER FINAL ATTACK),L.E.D.,-,6,9,11,7,10,12,23,1
953,新世紀進步的羽扇子音楽,真 地獄超特急 -HELL or HELL-,DJ TECHNORCH Vs. L.E.D.Light-G,-,7,10,12,7,10,12,23,1
954,ORIENTAL TECHDANCE,紫陽花 -AZISAI-,Camellia Vs. Expander,-,7,10,12,7,10,12,23,1
955,FUTURE E-POP,追想快晴テーマパーク,PHQUASE,-,6,10,11,6,10,11,23,1
956,エピックプログレ,量子の海のリントヴルム,黒猫ダンジョン,-,6,9,11,6,10,11,23,1
957,にゃんコア,駅猫のワルツ,ミニョンヌ鉄道兄弟,-,6,10,12,6,10,12,23,1
958,WINTER GLOW,麗 ～うらら～,SOUND HOLIC feat. Nana Takahashi,-,5,9,11,6,10,11,23,1
959,NEON/TWERKCORE,#MAGiCVLGiRL_TRVP_B3VTZ,DJ Noriken,-,6,9,12,6,9,11,24,1
960,BIG BEAT/BREAKBEATS,(This Is Not) The Angels,Hommarju,-,4,8,11,5,8,11,24,1
961,TRIBAL HOUSE,¡Viva!,Ryu*,-,5,8,10,4,9,11,24,1
962,HiTECH,〆,lapix,-,6,9,12,6,10,12,24,1
963,HARD DANCE,Affection,ni-21,-,3,6,10,3,6,10,24,1
964,HiTECH FULLON,Amazing Mirage,lapix,-,5,9,11,5,9,11,24,1
965,DANCE SPEED,AO-∞,青龍,-,6,9,10,6,9,10,24,1
966,EPIC D'N'B,Apocalypse,Morrigan feat. リリィ,-,5,9,12,5,9,12,24,1
967,UPLIFTING TRANCE,Around The Galaxy,NISH,-,5,9,11,7,10,11,24,1
968,WORLD,AsiaN distractive,猫叉劇団,-,5,8,11,6,9,11,24,1
969,SPIRAL STAIRS,BabeL ～Grand Story～,Ako Atak,-,6,10,11,7,10,12,24,1
970,ALTERNATIVE TECHNO POP,Be A Star,PHQUASE feat.ぁゅ,-,4,9,11,5,8,11,24,1
971,DJ BATTLE,Beat Juggling Mix,Hommarju,-,6,9,11,6,9,11,24,1
972,HARDCORE RAVE,Believe in you,DJ Shimamura feat. Renna,-,5,8,10,6,8,10,24,1
973,TRANCE,Beyond The Seven,Nhato,-,4,7,11,4,8,11,24,1
974,FESTIVAL SOUND,BREAK OVER,MASAYOSHI IIMORI,-,5,9,11,5,8,11,24,1
975,MOOMBAHCORE,Breakin' Chain,REDALiCE feat. MONICO,-,4,8,10,5,8,11,24,1
976,SUPER ULTIMATE HYPER CORE,BroGamer,USAO,-,7,9,11,7,9,11,24,1
977,HARD TRAP,Caterpillar,Eagle,-,6,10,12,6,10,12,24,1
978,ANTHEM,crew,beatnation Records,-,3,8,11,4,9,11,24,1
979,DREAM COLLABORATION,Cyber True Color,kors k vs Sota Fujimori,-,5,9,11,5,9,11,24,1
980,EMOTIONAL HI-TECH,DISAPPEAR feat. koyomin,DJ Genki,-,4,9,11,4,10,12,24,1
981,ARCHAIC TALE EP1,DORNWALD ～Junge～,DJ TOTTO,-,6,10,12,7,10,12,24,1
982,HYBRID BUCHIAGE TRANCE,ECHIDNA,Hu∑eR,-,6,10,12,7,10,12,24,1
983,FUTURE BEATS,Egret and Willow,Dirty Androids,-,6,8,11,6,8,11,24,1
984,EDM,elemental bender feat. Kanae Asaba,MK,-,3,6,8,3,6,8,24,1
985,HYPER DIGIMETAL,FUZIN RIZIN,SOUND HOLIC feat. Nana Takahashi & 7-9sec.,-,5,9,12,6,9,12,24,1
986,TRANCE CORE,Go Ahead!!,Ryu☆ Vs. Sota,-,7,10,12,7,10,12,24,1
987,REQUIEM PSY,GuNGNiR,Gram,-,7,11,12,7,10,12,24,1
988,HARDSTYLE,HADES,Massive New Krew,-,5,9,12,5,10,12,24,1
989,HAPPY,HAPPY★RUSH,P*Light,-,4,9,11,5,9,11,24,1
990,HYPER TRAP,Honey Trap,Expander,-,5,8,11,5,8,11,24,1
991,NEUROFUNK,INVISIBLE STRIX,L.E.D.,-,6,10,11,7,10,11,24,1
992,DRUM'N'BASS,Lost wing at.0,猫叉Master+,-,5,8,11,4,8,11,24,1
993,PIANO CONTEMPORARY,Macuilxochitl,TOMOSUKE,-,7,10,11,7,10,11,24,1
994,KAWAII FUTURE BASS,Magical,Snail's House,-,4,6,10,4,6,10,24,1
995,EXPERIMENTAL,Mare Nectaris,神楽,-,7,10,12,7,10,12,24,1
996,TECHNO,Modular Technology,Sota Fujimori,-,6,10,11,6,10,11,24,1
997,TURBOFUNK,Music is The Answer,C-Show,-,4,8,10,4,8,10,24,1
998,NOSTALGIA,nostos,Setaria Virtuoso,-,5,8,11,5,9,11,24,1
999,BUBBLEGUM DANCE,OOO,Ryu☆ feat.moimoi,-,3,7,10,3,7,10,24,1
1000,POP BREAKCORE,OTENAMI Hurricane,t+pazolite,-,6,10,12,6,10,12,24,1
1001,MONDO-GROOVE BASSHOUSE,PAPAYAPA BASS,かめりあ feat. ななひら,-,5,8,11,5,8,11,24,1
1002,BEAT PIANO MUSIC,Piano Samurai,maras k(marasy+kors k),-,5,9,10,5,9,10,24,1
1003,HARD BREAK BEATS,Quakes,dj Hellix,-,6,10,12,7,10,12,24,1
1004,TRANCE,RAIN,dj TAKA,-,6,9,12,6,10,12,24,1
1005,SPEED RAVE,Rave Cannon,kors k,-,5,9,12,5,9,12,24,1
1006,哀愁EUROBEAT,Remedy feat. Kanae Asaba,Y&Co.,-,5,8,10,5,8,10,24,1
1007,HARDSTYLE,RISING FIRE HAWK,L.E.D.-G,-,5,8,11,5,9,11,24,1
1008,RDM,ROTTERDAM SHOGUN,ABDI from ジャカルタファンクブラザーズ,-,6,9,11,6,9,11,24,1
1009,TECH BREAKBEATS,SAMURAI-Scramble,DJ Mass MAD Izm*,-,5,9,11,6,9,11,24,1
1010,PIECED MAKIBISHI,Sarutobi Champion is 拙者,Project B-,-,6,9,11,6,9,11,24,1
1011,SHINOBI RAVE,SAY BAY,P*Light,-,5,8,12,5,9,12,24,1
1012,ROCK,SCREAM THE LIFE FEAT.KYONO,DJ BAKU,-,4,8,10,5,8,10,24,1
1013,80's SYNTH FUNK,Seaside Labyrinth,Dirty Androids,-,4,7,9,4,6,9,24,1
1014,FUTURE BASS,Seize the Day,DJ'TEKINA//SOMETHING feat.yuyoyuppe,-,5,7,10,5,9,11,24,1
1015,R&B,Selfish Sweet,OSTER project feat. かなたん,-,3,5,9,3,6,9,24,1
1016,TECHNO,SEQUENCE CAT,SLEDLAKE (SLAKE & L.E.D.),-,5,10,11,6,10,12,24,1
1017,DETROIT TECHNO,Shoot'Em All,Manabu Namiki,-,3,7,11,3,8,12,24,1
1018,CHIPTUNE,shuriken,ヒゲドライバー,-,4,6,10,4,8,11,24,1
1019,CANDY ROCK,SINOBUZ Fantasy,Noria,-,6,9,10,6,9,10,24,1
1020,ANTHEM,Sky High,Cuvelia,-,6,10,12,6,10,12,24,1
1021,ASIAN CONTEMPORARY,Snakey Kung-fu,金獅子 vs 麒麟 feat. 獏,-,6,10,12,6,10,12,24,1
1022,DRUM&BASS,Steel Edge,Maozon,-,5,8,12,5,9,11,24,1
1023,DANCE MUSIC,Summer,banvox,-,3,7,10,3,7,10,24,1
1024,HARDCORE RAVE,Summerlights(IIDX Edition),DJ Noriken,-,6,9,12,6,9,12,24,1
1025,HARDTEK,Super Rush,kors k,-,6,9,12,6,9,12,24,1
1026,ELECTRO FUSION,Surf on the Light,Tomoyuki Uchida,-,4,8,10,4,8,10,24,1
1027,J-POP,Sweet Clapper,livetune+,-,3,7,10,3,7,10,24,1
1028,HARDSTYLE,The Commanders,USAO,-,5,8,10,5,8,11,24,1
1029,HARD TRANCE,TOGAKUSHI,SETUP,-,5,10,12,5,10,12,24,1
1030,UPLIFTING TRANCE,Umbral,Maozon,-,3,7,10,3,7,10,24,1
1031,JUMP UP/HARDCORE,Venom,kors k vs L.E.D.-G,-,6,10,12,7,10,11,24,1
1032,HARD HOUSE,Vermilion,Remo-con,-,5,8,10,5,8,10,24,1
1033,MAINSTREAM HARDCORE,Warrior,DJ CHUCKY feat. Jonjo,-,5,8,10,5,9,10,24,1
1034,CYBER JAZZSTEP,XINOBIKILL,SOUND HOLIC feat. Nana Takahashi,-,6,9,11,5,9,12,24,1
1035,夏の夕暮れと、DUBSTEP。,yamabiko (SINOBUZ Edition),かめりあ,-,5,8,11,5,8,11,24,1
1036,ALTERNATIVE ELECTRO,Yellow Sketch(RX-Ver.S.P.L.),高田雅史,-,4,9,11,4,9,11,24,1
1037,WORLD/ELECTRONICA,イザナミノナゲキ,猫叉Master,-,6,9,12,6,9,12,24,1
1038,演歌ブレイクス,お命ちょうDAI！9-1娘,DJ SHARPNEL feat. みらい,-,5,8,10,5,8,10,24,1
1039,ACEDIA,ちらちら・はらはら,NU-KO,-,2,5,7,2,5,7,24,1
1040,ネオスカ電波,ディッシュウォッシャー◎彡おいわちゃん,ARM×狐夢想 feat. 山本椛,-,3,7,11,4,7,11,24,1
1041,ORIENTAL FUSION,九尾狐夜行,天狐,-,5,9,12,5,9,12,24,1
1042,HYPER ENKA POP,冬椿 ft. Kanae Asaba,Xceon,-,5,7,10,5,7,10,24,1
1043,LAST ARTS,刃図羅,猫叉Master vs HuΣeR,-,6,10,12,6,10,12,24,1
1044,忍歌,忍恋花,黒脛,-,5,9,11,5,9,11,24,1
1045,理系ポップ,恋はどう？モロ◎波動OK☆方程式!!,あべにゅうぷろじぇくと feat.佐倉紗織 produced by ave;new,-,5,8,10,5,8,10,24,1
1046,FOREST SNOW,月雪に舞う華のように,猫叉Master,-,5,7,10,5,8,10,24,1
1047,POP ROCK,次葉 -turn the page-,小寺可南子,-,4,8,10,4,8,10,24,1
1048,MICHINOKU,津軽雪,罠師 VS 安室,-,7,10,12,7,10,12,24,1
1049,HARDCORE,焔極OVERKILL,RoughSketch Vs. L.E.D.-G,-,6,10,12,7,10,12,24,1
1050,HIP HOP,焱影,RoughSkreamZ feat.楽天斎,-,5,9,12,6,9,12,24,1
1051,DRAMATIC WALTZ,獅子霞麗ノ舞,HuΣeR,-,4,6,9,3,6,9,24,1
1052,ORBITALIC FUTURE BASS,禍根,U1 overground,-,5,9,11,5,9,11,24,1
1053,空想ファンタジーシリーズ,童話回廊,DJ TOTTO,-,5,9,12,5,9,12,24,1
1054,CROSSBREED,鴉,L.E.D.-G,-,7,10,11,7,10,11,24,1
1055,HYPER SPEED RAVE,255,255,-,6,9,12,6,9,12,25,1
1056,JAZZ ROCK,1001 -ESCAPE-,SOUND HOLIC feat. Nana Takahashi,-,5,8,10,5,8,10,25,1
1057,BEAT PIANO MUSIC,2 Player,maras k/marasy×kors k,-,6,9,10,6,9,10,25,1
1058,RENAISSANCE,AA -rebuild-,D.J.Amuro,-,7,10,12,7,10,12,25,1
1059,DUBSTEP,Abraxas,SYUNN,-,5,9,11,5,9,11,25,1
1060,SYNTH-TECH,ACCELERATE,Sota Fujimori,-,6,8,10,5,8,10,25,1
1061,HARD DANCE,Acidiva 303,ni-21,-,4,7,10,4,7,10,25,1
1062,PIANO TRANCE,Alpheratz,Xceon,-,2,5,9,3,5,9,25,1
1063,熱帯 THE BASS,Amor De Verão,かめりあ feat. ななひら,-,4,8,11,5,8,11,25,1
1064,PSY TECH DANCE,ANAGMA,C-Show,-,5,8,10,5,8,10,25,1
1065,STYLISH CROSSOVER,ANCHOR,"BEMANI Sound Team ""HuΣeR Vs. SYUNN""",-,7,10,12,7,10,12,25,1
1066,HARDCORE DANCE SPEED,Antigravity,t+pazolite,-,6,10,12,6,10,12,25,1
1067,GENESIS,Arca,"BEMANI Sound Team ""Akhuta Works""",-,5,9,12,5,9,12,25,1
1068,CYBERCORE,Around the Future,Maozon vs. C-Show,-,6,9,11,6,9,11,25,1
1069,WAGON WHEEL TRANCE,Back Spin Sweeper,DJ TOTTO,-,6,9,11,6,9,11,25,1
1070,SCHRANZ,Battleground,kors k,-,6,9,11,6,9,11,25,1
1071,DIGITAL THRASH PUNK,Be a Hero!,中島由貴,-,4,9,11,5,9,11,25,1
1072,SPEED EURO,Beast mode,"BEMANI Sound Team ""TAG""",-,6,9,11,6,9,11,25,1
1073,CYBER LIQUID FUNK,Best of Me,Maozon,-,4,8,10,4,8,10,25,1
1074,NEO JUNGLE,Boomy and The Boost,Eagle,-,6,10,12,6,10,12,25,1
1075,DRUMSTEP/HARDCORE,Break Stasis,Hommarju & Akira Complex,-,6,9,10,6,9,10,25,1
1076,CYBERNETICS PIANO HOUSE,ChaserXX,HuΣeR,-,6,9,11,6,9,11,25,1
1077,FUTURE BASS,Chemical Cookie,YUC'e,-,5,8,10,5,8,11,25,1
1078,DRUM&BASS,City Never Sleeps (IIDX Edition),Dirty Androids,-,7,9,11,7,9,11,25,1
1079,COSMIC POP,COSMIC☆WONDER☆REVOLUTION,猫叉Master+,-,4,7,9,5,7,9,25,1
1080,HARDCORE,DEADHEAT,DJ Myosuke,-,6,10,12,7,10,12,25,1
1081,世紀末コア,DEATH†ZIGOQ ～怒りの高速爆走野郎～,"L.E.D.ALiCE(DJ NAGAI Vs. BEMANI Sound Team ""L.E.D.-G"")",-,7,10,12,7,10,12,25,1
1082,PUMPCORE,DropZ-Line-,Getty vs. DJ DiA,-,7,10,12,7,10,12,25,1
1083,VELLUM,Eine Haube ～聖地の果てにあるもの～,AIKO OI,-,5,8,11,5,9,12,25,1
1084,IRREGULAR DJENT STEP,EMERALDAS,"BEMANI Sound Team ""HuΣeR vs dj Hellix""",-,7,11,12,7,11,12,25,1
1085,DRUM'N'BASS,encounter,猫叉Master+,-,5,9,12,5,9,12,25,1
1086,HARD BASS HOUSE,Exhaust Hype,DJ Noriken,-,5,9,11,5,9,11,25,1
1087,MIDDLE EASTERN TWERK,Expanded !!,"BEMANI Sound Team ""Expander""",-,4,8,10,4,8,10,25,1
1088,ARTCORE,Fervidex,Feryquitous,-,5,9,11,5,9,11,25,1
1089,SPEED STAR,FIRE BALL,"BEMANI Sound Team ""RACER-X""",-,5,9,11,5,9,11,25,1
1090,HYPER DUBSTEP,FREEDOM,USAO,-,5,8,11,5,8,11,25,1
1091,TECH HOUSE,From Time To Time,sanodg,-,4,9,10,4,10,11,25,1
1092,HOLIC,FUTURE is Dead,C-Show,-,5,8,10,5,8,10,25,1
1093,TROPICAL HOUSE,Get Up! feat. Kanae Asaba,MK,-,3,7,9,4,7,9,25,1
1094,HANDZ STYLE,HAT TRICK,P*Light,-,5,8,10,5,8,10,25,1
1095,FREESTYLE,Hella Deep,MASAYOSHI IIMORI,-,4,7,10,4,8,10,25,1
1096,GABBA,HYPE THE CORE,DJ CHUCKY,-,6,10,11,7,10,12,25,1
1097,EURO TRANCE,I Love You,O/iviA,-,5,9,11,5,9,11,25,1
1098,EMOTIONAL RAVE EUPHORIA,Illusionary Waterlily,DJ Noriken,-,6,10,12,6,10,12,25,1
1099,ダンスミュージック,I'm Coming (2017 Version),Pa's Lam System,-,3,7,9,4,6,10,25,1
1100,00's TECHNO,Initiation,"BEMANI Sound Team ""謎の勢力""",-,7,10,12,7,10,12,25,1
1101,FUTURE HOUSE,Let's Bounce !!,"BEMANI Sound Team ""Sota F.""",-,4,7,10,4,8,10,25,1
1102,UPTEMPO HARDCORE,"Life Is A Game ft.DD""ナカタ""Metal",RoughSketch,-,6,10,12,7,10,12,25,1
1103,POPCORE,LUV DRIVE,RoughSketch feat.Aikapin,-,5,7,10,5,7,10,25,1
1104,ADMIRABLE,MAXIVCORD,"BEMANI Sound Team ""dj TAKA""",-,5,9,11,5,9,11,25,1
1105,NU 80's DISCO FUNK,Midnight Lady,Dirty Androids,-,4,6,9,4,6,9,25,1
1106,ALTERNATIVE FUGUE,Mira,Akhuta,-,5,9,11,6,9,12,25,1
1107,MACHINEGUN PSYSTYLE,NITROUS CANNON,かめりあ,-,7,10,12,7,10,12,25,1
1108,HYPER TECHNO,No Limit 2 dAnce feat. 大山愛未,Y&Co.,-,5,8,11,5,8,11,25,1
1109,ULTRA JAZZFUNKTION,Nothing but Theory,lapix,-,5,8,11,5,8,11,25,1
1110,FUTURE TERROR,n'pa pa BBQ,YUC'e,-,4,8,11,5,8,11,25,1
1111,TECHNO,O/D*20,Ryu*,-,6,8,10,6,8,10,25,1
1112,PSYCHDELIC TRANCE,Only for now,RINA SOUND PRODUCE : KAZUYA TAKASE,-,4,8,10,4,8,10,25,1
1113,DRUMSTEP,Papilio ulysses,"BEMANI Sound Team ""SYUNN""",-,7,10,12,7,10,12,25,1
1114,HARDSTYLE,Persephone,Massive New Krew,-,6,9,12,6,10,12,25,1
1115,HARDCORE,Rampage,USAO,-,6,10,12,7,10,12,25,1
1116,PANIC FUSION,Raspberry Railgun,OSTER project,-,7,10,12,7,10,12,25,1
1117,Hi-TECHDANCE,REVOLVER,sky_delta,-,5,8,11,5,8,11,25,1
1118,DRUM'N'BASS,Rise Circuit,COSIO,-,5,9,11,5,8,11,25,1
1119,DRUM'N'BASS,SHOX,RAM,-,5,8,10,7,9,11,25,1
1120,THE WORLD EVOLVE,Sleepless days,猫叉Master feat.Mayumi Morinaga,-,4,6,9,4,6,9,25,1
1121,FUTURE CORE,Slipstream,lapix,-,5,9,12,5,9,12,25,1
1122,GABBA,"Son, not gabba now",Y&Co.,-,4,8,10,5,8,10,25,1
1123,ROCK FUSION,SPEED,"BEMANI Sound Team ""Mutsuhiko Izumi""",-,5,8,10,5,8,10,25,1
1124,HARDTEK,SPEED DEMON,GUHROOVY feat. NO+CHIN,-,5,8,10,5,8,11,25,1
1125,HEAV'NLY TRANCE,STARLIGHT JUNCTION,SOUND HOLIC feat. Nana Takahashi,-,4,8,10,4,8,10,25,1
1126,ELECTRO TRANCE,Static State,Nhato,-,6,9,10,6,9,10,25,1
1127,PSYSTYLE,Temple of Anubis,Massive New Krew,-,5,8,11,5,8,11,25,1
1128,EUROBEAT,THE CANNONBALLER,L.E.D. feat. YURiCa/花たん,-,6,10,11,6,10,11,25,1
1129,TECH BREAKS,The Chase,DJ Mass MAD Izm*,-,5,10,12,5,10,12,25,1
1130,HDM,The Revolution (VIP Mix),Scott Brown & M-Project,-,4,7,10,5,7,10,25,1
1131,OSHARave,UMMU,t+pazolite,-,6,10,11,7,10,11,25,1
1132,DANCE POP,Usual Days-remix,ota2,-,5,9,11,7,10,12,25,1
1133,ROTTERDAM RAVE,VOX RUSH,青龍×sampling masters MEGA & sampling masters AYA,-,7,10,12,6,10,12,25,1
1134,HYBRID HARDCORE,Xperanza,aran,-,7,10,12,7,10,12,25,1
1135,プログレッシブ徒競走,うさ☆かめ 大戦争！,ARM×狐夢想 feat. I've:柚子乃 & RINA,-,6,8,11,6,8,11,25,1
1136,HARD FRENCH,エディブルフラワーの独白,OSTER project feat. 常盤ゆう,-,4,8,10,4,8,10,25,1
1137,NATURE,シムルグの目醒め,"BEMANI Sound Team ""DJ TOTTO"" feat.rionos",-,7,10,12,7,10,12,25,1
1138,歌謡ニューウェーブ,ナイトシティー・アヴァンチュール,森永真由美,-,5,7,9,5,7,9,25,1
1139,電波ソング,バ→ビ→ブ→Bomb!,ヒゲドライバー join. 新菜まこ & 松平なな,-,5,9,11,5,8,11,25,1
1140,YANKEE CAR J TRANCE,ハイ＊ビスカス ft. Kanae Asaba,Xceon,-,4,7,10,5,8,11,25,1
1141,CLASSIC MOTIF,バスルーム ロマンス,"BEMANI Sound Team ""Saori Watanabe""",-,5,8,10,5,8,10,25,1
1142,AKIBA-POP,パラドキシカル・タイムリープトライアル(Short Ver.),MOSAIC.WAV,-,5,9,11,5,9,11,25,1
1143,FUTURE J-POP,ラストセンチュリーメランコリック,DJ Taku aka ☆Taku Takahashi(m-flo),-,5,8,10,5,8,10,25,1
1144,ELEGANT SWING,共犯ヘヴンズコード,D-Evoke(与那嶺雅人/小日向翔),-,3,7,10,3,7,10,25,1
1145,STRANGE WORLD MUSIC,命の標本,志方あきこ,-,4,8,11,4,8,11,25,1
1146,ORBITALIC GABBER STEP,東京神話,"DJ TECHNORCH feat.宇宙★海月 vs BEMANI Sound Team ""U1-ASAMi""",-,6,9,12,6,9,12,25,1
1147,Hi-MYTH,神謳 -RESONANCE-,SOUND HOLIC feat. Nana Takahashi Vs.GOD PHOENIX Prim,-,7,10,12,7,10,12,25,1
1148,EMOTIONAL ROCK,純真可憐デザイア,"BEMANI Sound Team ""HuΣeR"" feat.Fernweh",-,4,8,10,4,8,10,25,1
1149,JOURNEY SCENE,草原の王女 -軌跡を辿って-,劇団レコード,-,3,7,10,4,8,10,25,1
1150,COMMENT OUT,A Tale Hidden In The Abyss,"BEMANI Sound Team ""person-9""",-,6,9,11,6,9,11,26,1
1151,HARDCORE,AGAiN,DJ NAGAI,-,5,8,10,6,8,10,26,1
1152,DRUM & BASS,Angels & Demons,月代 彩,-,5,8,10,5,8,10,26,1
1153,MARVELOUS CHEER,Catch Our Fire!,中島由貴,-,6,10,12,6,10,12,26,1
1154,UPLIFTING ETHNIC,CoMAAAAAAA,Ryu☆,-,6,9,10,6,9,10,26,1
1155,GARAGE,Cranberry City ft. Luschel,lapix,-,5,8,10,5,8,10,26,1
1156,HARDER DANCE MUSIC,dAuntl3ss,DJ Noriken,-,6,10,12,6,10,12,26,1
1157,HYBRID,Digital Skipper,"BEMANI Sound Team ""Expander""",-,6,8,10,6,8,10,26,1
1158,INDUSTRIAL TECHNO,Dr. Chemical & Killing Machine,Hommarju,-,5,9,12,5,9,12,26,1
1159,FUSION TRANCE,Ember Lights,Nhato,-,5,9,11,5,9,11,26,1
1160,DUBSTEP,GIGA THRASH,Blacklolita,-,6,9,11,7,9,12,26,1
1161,EDM,Glory,kradness,-,4,7,9,4,7,10,26,1
1162,ELECTRONIC RHAPSODY,HEISEI,"BEMANI Sound Team ""dj TAKA""",-,6,10,11,6,10,11,26,1
1163,RAVE SXXX,Hurry Hurry,Masayoshi Iimori,-,4,6,9,4,6,9,26,1
1164,TECH-BREAKS,IDC feat.REVERBEE (Mo'Cuts Ver),DJ Mass MAD Izm*,-,7,9,11,7,10,11,26,1
1165,PSYCHEDELIC ROCK,IDOL syndrome.,RINA,-,4,7,10,4,7,10,26,1
1166,PSYSTYLE,KILL EACH OTHER,"BEMANI Sound Team ""L.E.D. VS. L.E.D.-G""",-,7,10,12,7,10,12,26,1
1167,UK HARDCORE,L.F.O,aran,-,5,9,12,5,9,12,26,1
1168,ELECTRIC DANCE ROCK,Let me be your cure,Pizuya's Cell,-,5,7,10,5,8,10,26,1
1169,Drumstep / DnB,Level One,Yamato,-,6,10,12,7,10,12,26,1
1170,ELECTRO POP,OVER TIME,空中分解feat.アンテナガール,-,3,5,8,3,6,9,26,1
1171,NEOTRANCE,Particle Arts,Virtual Self,-,4,8,10,5,8,10,26,1
1172,RIDDIM DUBSTEP,Psycho Sheep Riddim,"BEMANI Sound Team ""SYUNN""",-,3,7,9,3,7,9,26,1
1173,NEO J-TEKNO,R∞tAge,"BEMANI Sound Team ""HuΣeR+""",-,5,8,11,5,8,11,26,1
1174,TRANCE,"ROCK女 feat. 大山愛未, Ken",Y&Co.,-,7,9,11,7,9,11,26,1
1175,FESTIVAL TRAP,Serious?,KSUKE,-,3,7,10,3,7,11,26,1
1176,PSYCHEDELIC TRANCE,SPEED ROCKER,AJURIKA,-,4,9,10,4,9,10,26,1
1177,HARDSTYLE,Starry Night,Massive New Krew feat.松平なな,-,4,7,10,5,8,10,26,1
1178,EUROTRAPBEAT,The Best of Both Worlds,"☆Taku Takahashi (m-flo, block.fm)",-,3,8,10,3,8,10,26,1
1179,HARD ELECTRIC POP,THE DAY OF JUBILATIONS,"BEMANI Sound Team ""S-C-U vs L.E.D.""",-,7,10,12,7,10,12,26,1
1180,DJENTCORE,The Rebellion of Sequencer,DJ Myosuke,-,7,10,12,7,10,12,26,1
1181,CYBER DANCE MUSIC,Twilight Warp,Maozon feat. Kyte,-,4,7,9,4,7,9,26,1
1182,JAZZY FOOTWORK JUNGLE,Urban Constellations,Dirty Androids,-,4,8,11,4,8,11,26,1
1183,HYPER HANDS UP,Wing of Hearts,USAO & DJ Nanashi,-,5,8,10,5,8,11,26,1
1184,CANDY RAVE GABBER,Wonderland,kors k,-,5,9,11,5,9,11,26,1
1185,ELECTRO SHOCK,XENON II 〜TOMOYUKIの野望〜,Mr.T,-,6,9,11,6,9,11,26,1
1186,NEUTRONIKA,Xlø,sasakure.UK,-,7,10,12,7,10,12,26,1
1187,FUTURE BASS,Yum Yum Jelly,YUC'e,-,5,9,11,5,9,11,26,1
1188,SPANISH GUITAR,グラナダの風,"BEMANI Sound Team ""劇団レコード""",-,5,8,10,5,7,10,26,1
1189,GIRLS ROCK,セカンドピアス,OSTER project feat. echo,-,3,6,9,3,6,9,26,1
1190,A-STYLE RUSSIAN HARDBASS,ハードベース・フェスタ,かめりあ feat. ななひら,-,6,9,11,6,9,11,26,1
1191,ELECTRONICA,ミストレス・アンに花束を,"soejima takuma feat.BEMANI Sound Team ""猫叉Master""",-,3,6,8,3,6,8,26,1
1192,Re 90's J-DANCE POP,夏の匂い。キミの残像。 ft. Kanae Asaba,Xceon,-,4,8,10,4,8,10,26,1
1193,SOCA,花冠 feat.Aikapin,RoughSkreamZ,-,6,9,11,6,9,11,26,1
1194,RETROSPECTIVE EPIC MUSIC,龍王の霊廟(Mausoleum Of The Primal Dragon),"BEMANI Sound Team ""黒猫ダンジョン""",-,6,10,11,5,10,11,26,1
1195,IIDX EDITION,Won(*3*)Chu KissMe!,"Remixed by BEMANI Sound Team ""L.E.D."" & IOSYS",1,5,8,10,5,8,10,26,1
1196,IIDX EDITION,サクラあっぱれーしょん,"Remixed by BEMANI Sound Team ""TAG"" feat. 柊木りお",1,3,7,9,3,7,9,26,1
1197,IIDX EDITION,HOT LIMIT,"Remixed by BEMANI Sound Team ""HuΣeR feat.PON""",2,5,9,10,5,9,10,26,1
1198,IIDX EDITION,U.S.A.,"Remixed by BEMANI Sound Team ""PHQUASE feat.TRANDER Jr.""",3,6,9,11,6,9,11,26,1
1199,EPIC TRANCE,ABSOLUTE†,dj TAKA,-,-,-,11,-,-,11,leg,1
1200,HiTECH FULLON,Amazing Mirage†,lapix,-,-,-,12,-,-,12,leg,1
1201,SUBLIME TECHNO,CONTRACT†,朱雀,-,-,-,12,-,-,12,leg,1
1202,FUTURE BASS,Cosmic Cat†,8bit Moonside,-,-,-,12,-,-,12,leg,1
1203,CYBER DRUMSTEP,Damage Per Second†,Maozon,-,-,-,10,-,-,11,leg,1
1204,RAGTIME CHIPTUNE,EBONY & IVORY†,OSTER project,-,-,-,12,-,-,12,leg,1
1205,NU RAVE,Howling†,PON,-,-,-,10,-,-,11,leg,1
1206,NU-SKOOL BREAKBEATS HARDCORE,ICARUS†,Eagle,-,-,-,12,-,-,12,leg,1
1207,HEAVY METAL,KAISER PHOENIX†,96,-,-,-,12,-,-,12,leg,1
1208,FREEFORM HARDCORE,KAMAITACHI†,DJ TECHNORCH fw.GUHROOVY,-,-,-,12,-,-,12,leg,1
1209,NEO 80's EURO ELECTRO,LUV CAN SAVE U†,HIDEKI NAGANUMA,-,-,-,10,-,-,11,leg,1
1210,TECH-BREAKBEATS,naughty girl@Queen's Palace†,DJ Mass MAD Izm*,-,-,-,11,-,-,11,leg,1
1211,SPEED RAVE,RED ZONE†,Tatsh&NAOKI,-,-,-,12,-,-,12,leg,1
1212,FUTURE JAZZ,RUGGED ASH†,SYMPHONIC DEFOGGERS,-,-,-,11,-,-,12,leg,1
1213,HARDSTYLE,SOLID STATE SQUAD†,kors k Vs. L.E.D.,-,-,-,12,-,-,12,leg,1
1214,HAPPY EMOTION,STARLIGHT DANCEHALL†,P*Light,-,-,-,12,-,-,12,leg,1
1215,ONLY ONE EPILOGUE,THANK YOU FOR PLAYING†,SUPER STAR 満-MITSURU-,-,-,-,12,-,-,11,leg,1
1216,NU STYLE GABBA,THE DEEP STRIKER†,L.E.D.-G,-,-,-,12,-,-,12,leg,1
1217,DECEPTIVE GABBA,VANESSA†,朱雀,-,-,-,12,-,-,12,leg,1
1218,TECHNO,仮想空間の旅人たち†,DJ MURASAME,-,-,-,12,-,-,12,leg,1
1219,撫子ロック,凛として咲く花の如く†,紅色リトマス,-,-,-,11,-,-,12,leg,1
1220,新世紀進歩的羽扇子音楽,廿†,DJ TECHNORCH,-,-,-,12,-,-,12,leg,1
1221,FASCINATION,朧†,HHH×MM×ST,-,-,-,11,-,-,11,leg,1
1222,EPIC TECHNO,龍と少女とデコヒーレンス†,黒猫ダンジョン,-,-,-,12,-,-,12,leg,1
1223,DUTCH TRANCE,Clione†,kors k,-,-,-,11,-,-,11,leg,1
1224,NU DISCO,Golden Palms†,Dirty Androids,-,-,-,11,-,-,11,leg,1
1225,POWER FUSION,RIDE ON THE LIGHT (HI GREAT MIX)†,Mr.T,-,-,-,10,-,-,10,leg,1
1226,HARDCORE RAVE,Feel The Beat†,Falsion,-,-,-,12,-,-,12,leg,1
1227,ORIENTAL CORE,疾風迅雷†,KUMOKIRI,-,-,-,12,-,-,12,leg,1
1228,HARD NRG,Verflucht†,Tyrfing,-,-,-,12,-,-,12,leg,1
1229,NEO CLASSICAL DANCE,Beat Radiance†,iNO,-,-,-,12,-,-,12,leg,1
1230,HEALING DRUM'N'BASS,chrono diver -fragment-†,猫叉Master feat.三澤秋,-,-,-,10,-,-,10,leg,1
1231,PIECED EUPHORIA,超青少年ノ為ノ超多幸ナ超古典的超舞曲†,Project B-,-,-,-,12,-,-,12,leg,1
1232,KANA-POP,恋は白帯、サンシロー†,星野奏子,-,-,-,11,-,-,11,leg,1
1233,CYBER DRUM & BASS,CHRONO DIVER -NORNIR-†,L.E.D.,-,-,-,12,-,-,12,leg,1
1234,J-CORE,Close the World feat.a☆ru†,天叢雲剣,-,-,-,12,-,-,12,leg,1
1235,REQUIEM PSY,Sigmund†,Gram,-,-,-,12,-,-,12,leg,1
1236,DYNASTIC FREEFORM,Ancient Scapes†,Durandal,-,-,-,12,-,-,12,leg,1
1237,TRIBE CORE,invoker†,Caladborg,-,-,-,12,-,-,12,leg,1
1238,DANCE POP,KEEP ON MOVIN',N.M.R.,-,1,3,-,2,3,-,sub,1
1239,DANCE POP,deep in you,dj nagureo,-,3,3,5,3,4,7,sub,1
1240,TRANCE,GENOM SCREAMS,L.E.D. LIGHT,-,3,6,9,3,6,9,sub,1
1241,TRIBAL HOUSE,Macho Gang,ANAL SPYDER,-,2,7,10,3,11,11,sub,1
1242,JUNGLE,PARANOIA MAX ~DIRTY MIX~,190,-,5,6,8,3,6,9,sub,1
1243,FUTURE JAZZ,RUGGED ASH,SYMPHONIC DEFOGGERS,-,2,3,9,3,4,9,sub,1
1244,TRANCE,THE EARTH LIGHT,L.E.D.LIGHT,-,4,7,8,5,10,7,sub,1
